time_s,x,y,z,theta_deg,psi_deg
0,0.499662,0.772869,0.391168,23.0672,57.1172
60,0.49719,0.773298,0.393462,23.2101,57.2611
120,0.494716,0.773713,0.395758,23.3533,57.4049
180,0.492242,0.774112,0.398055,23.4967,57.5486
240,0.489766,0.774498,0.400354,23.6403,57.6922
300,0.487288,0.774868,0.402653,23.7841,57.8356
360,0.48481,0.775224,0.404953,23.9282,57.9789
420,0.482331,0.775565,0.407255,24.0725,58.1222
480,0.47985,0.775891,0.409557,24.217,58.2653
540,0.477368,0.776202,0.411861,24.3618,58.4083
600,0.474886,0.776499,0.414165,24.5068,58.5512
660,0.472402,0.776781,0.41647,24.6519,58.694
720,0.469918,0.777048,0.418776,24.7974,58.8366
780,0.467433,0.7773,0.421083,24.943,58.9792
840,0.464947,0.777538,0.423391,25.0888,59.1217
900,0.46246,0.77776,0.425699,25.2349,59.2641
960,0.459973,0.777968,0.428008,25.3812,59.4063
1020,0.457485,0.778161,0.430317,25.5277,59.5485
1080,0.454996,0.778339,0.432627,25.6744,59.6906
1140,0.452507,0.778503,0.434938,25.8213,59.8326
1200,0.450017,0.778651,0.437249,25.9685,59.9745
1260,0.447527,0.778785,0.43956,26.1158,60.1163
1320,0.445037,0.778904,0.441872,26.2634,60.258
1380,0.442546,0.779008,0.444184,26.4111,60.3996
1440,0.440055,0.779098,0.446496,26.5591,60.5411
1500,0.437563,0.779172,0.448809,26.7073,60.6825
1560,0.435072,0.779232,0.451122,26.8557,60.8239
1620,0.43258,0.779276,0.453435,27.0043,60.9651
1680,0.430088,0.779306,0.455748,27.1531,61.1063
1740,0.427596,0.779321,0.458061,27.302,61.2474
1800,0.425104,0.779322,0.460374,27.4512,61.3885
1860,0.422612,0.779307,0.462687,27.6006,61.5294
1920,0.42012,0.779278,0.465,27.7502,61.6702
1980,0.417628,0.779234,0.467313,27.9,61.811
2040,0.415136,0.779175,0.469626,28.05,61.9517
2100,0.412645,0.779101,0.471939,28.2002,62.0924
2160,0.410154,0.779012,0.474251,28.3506,62.233
2220,0.407663,0.778908,0.476563,28.5012,62.3735
2280,0.405173,0.77879,0.478875,28.652,62.5139
2340,0.402682,0.778657,0.481186,28.8029,62.6543
2400,0.400193,0.778509,0.483497,28.9441,62.7945
2460,0.397704,0.778346,0.485808,29.0954,62.9348
2520,0.395215,0.778168,0.488118,29.247,63.075
2580,0.392727,0.777976,0.490427,29.3987,63.2151
2640,0.39024,0.777768,0.492736,29.5506,63.3551
2700,0.387753,0.777546,0.495045,29.7027,63.4951
2760,0.385267,0.777309,0.497352,29.855,63.6351
2820,0.382782,0.777058,0.499659,30.0074,63.775
2880,0.380298,0.776791,0.501965,30.1601,63.9148
2940,0.377814,0.77651,0.50427,30.3129,64.0546
3000,0.375331,0.776214,0.506575,30.4659,64.1943
3060,0.37285,0.775903,0.508878,30.6191,64.334
3120,0.370369,0.775578,0.511181,30.7725,64.4737
3180,0.36789,0.775237,0.513482,30.9261,64.6133
3240,0.365412,0.774882,0.515783,31.0798,64.7528
3300,0.362934,0.774512,0.518082,31.2337,64.8923
3360,0.360458,0.774128,0.520381,31.3878,65.0318
3420,0.357984,0.773728,0.522678,31.5421,65.1713
3480,0.35551,0.773314,0.524974,31.6965,65.3107
3540,0.353038,0.772885,0.527269,31.8511,65.4501
3600,0.350567,0.772442,0.529562,32.0059,65.5894
3660,0.348098,0.771984,0.531854,32.1608,65.7287
3720,0.34563,0.771511,0.534145,32.3159,65.868
3780,0.343164,0.771023,0.536434,32.4712,66.0073
3840,0.340699,0.770521,0.538722,32.6267,66.1465
3900,0.338236,0.770004,0.541009,32.7823,66.2858
3960,0.335775,0.769472,0.543293,32.9381,66.425
4020,0.333315,0.768926,0.545576,33.0941,66.5641
4080,0.330858,0.768365,0.547858,33.2502,66.7033
4140,0.328402,0.767789,0.550138,33.4065,66.8425
4200,0.325947,0.767199,0.552416,33.5629,66.9816
4260,0.323495,0.766595,0.554692,33.7195,67.1207
4320,0.321045,0.765975,0.556967,33.8763,67.2599
4380,0.318597,0.765341,0.55924,34.0332,67.399
4440,0.31615,0.764693,0.56151,34.1903,67.5381
4500,0.313706,0.76403,0.563779,34.3475,67.6772
4560,0.311264,0.763352,0.566046,34.505,67.8163
4620,0.308825,0.76266,0.568311,34.6625,67.9555
4680,0.306387,0.761953,0.570573,34.8202,68.0946
4740,0.303952,0.761232,0.572834,34.9781,68.2337
4800,0.301519,0.760496,0.575092,35.1361,68.3729
4860,0.299088,0.759746,0.577349,35.2943,68.512
4920,0.29666,0.758982,0.579603,35.4526,68.6512
4980,0.294234,0.758203,0.581854,35.6111,68.7904
5040,0.291811,0.757409,0.584104,35.7697,68.9296
5100,0.289391,0.756601,0.586351,35.9285,69.0688
5160,0.286973,0.755779,0.588595,36.0874,69.208
5220,0.284557,0.754942,0.590837,36.2465,69.3473
5280,0.282145,0.754091,0.593077,36.4057,69.4866
5340,0.279735,0.753226,0.595314,36.565,69.6259
5400,0.277328,0.752346,0.597549,36.7245,69.7653
5460,0.274923,0.751452,0.59978,36.8842,69.9046
5520,0.272522,0.750544,0.60201,37.044,70.0441
5580,0.270124,0.749621,0.604236,37.2039,70.1835
5640,0.267728,0.748684,0.60646,37.364,70.323
5700,0.265336,0.747733,0.608681,37.5242,70.4626
5760,0.262946,0.746768,0.610899,37.6845,70.6022
5820,0.26056,0.745788,0.613114,37.845,70.7418
5880,0.258177,0.744794,0.615326,38.0056,70.8815
5940,0.255797,0.743786,0.617535,38.1664,71.0213
6000,0.25342,0.742764,0.619742,38.3273,71.1611
6060,0.251047,0.741728,0.621945,38.4883,71.301
6120,0.248677,0.740677,0.624145,38.6495,71.4409
6180,0.24631,0.739613,0.626342,38.8108,71.5809
6240,0.243947,0.738534,0.628536,38.9722,71.721
6300,0.241587,0.737441,0.630726,39.1337,71.8611
6360,0.239231,0.736335,0.632914,39.2954,72.0013
6420,0.236878,0.735214,0.635098,39.4572,72.1416
6480,0.234529,0.734079,0.637278,39.6192,72.282
6540,0.232184,0.732931,0.639456,39.7712,72.4224
6600,0.229842,0.731768,0.641629,39.9334,72.5629
6660,0.227504,0.730591,0.6438,40.0957,72.7036
6720,0.22517,0.729401,0.645967,40.2582,72.8443
6780,0.222839,0.728196,0.64813,40.4208,72.9851
6840,0.220513,0.726978,0.65029,40.5834,73.126
6900,0.21819,0.725746,0.652446,40.7463,73.267
6960,0.215872,0.7245,0.654598,40.9092,73.4081
7020,0.213557,0.723241,0.656747,41.0722,73.5493
7080,0.211247,0.721967,0.658892,41.2354,73.6906
7140,0.20894,0.72068,0.661033,41.3987,73.832
7200,0.206638,0.719379,0.66317,41.5621,73.9736
7260,0.20434,0.718064,0.665303,41.7256,74.1152
7320,0.202046,0.716736,0.667433,41.8892,74.257
7380,0.199756,0.715394,0.669558,42.053,74.3989
7440,0.197471,0.714039,0.67168,42.2169,74.541
7500,0.19519,0.712669,0.673797,42.3808,74.6831
7560,0.192913,0.711287,0.675911,42.5449,74.8254
7620,0.190641,0.709891,0.67802,42.7091,74.9679
7680,0.188374,0.708481,0.680125,42.8734,75.1105
7740,0.186111,0.707058,0.682226,43.0378,75.2532
7800,0.183852,0.705621,0.684323,43.2024,75.3961
7860,0.181598,0.704171,0.686415,43.367,75.5391
7920,0.179349,0.702707,0.688503,43.5317,75.6823
7980,0.177104,0.70123,0.690587,43.6966,75.8257
8040,0.174865,0.69974,0.692666,43.8615,75.9692
8100,0.17263,0.698236,0.694741,44.0266,76.1129
8160,0.170399,0.69672,0.696811,44.1917,76.2567
8220,0.168174,0.695189,0.698877,44.357,76.4008
8280,0.165954,0.693646,0.700938,44.5223,76.545
8340,0.163738,0.692089,0.702995,44.6878,76.6894
8400,0.161528,0.69052,0.705047,44.8533,76.834
8460,0.159322,0.688937,0.707094,45.019,76.9788
8520,0.157122,0.687341,0.709137,45.1847,77.1238
8580,0.154927,0.685732,0.711175,45.3506,77.2689
8640,0.152737,0.684109,0.713208,45.5165,77.4143
8700,0.150552,0.682474,0.715236,45.6826,77.5599
8760,0.148373,0.680826,0.71726,45.8487,77.7057
8820,0.146198,0.679165,0.719278,46.0149,77.8518
8880,0.144029,0.677491,0.721291,46.1812,77.998
8940,0.141866,0.675804,0.7233,46.3476,78.1445
9000,0.139708,0.674104,0.725304,46.5141,78.2912
9060,0.137555,0.672391,0.727302,46.6807,78.4382
9120,0.135408,0.670666,0.729295,46.8474,78.5854
9180,0.133266,0.668928,0.731283,47.0141,78.7329
9240,0.13113,0.667177,0.733267,47.1809,78.8805
9300,0.129,0.665413,0.735244,47.3479,79.0285
9360,0.126875,0.663637,0.737217,47.5149,79.1767
9420,0.124756,0.661848,0.739184,47.682,79.3252
9480,0.122642,0.660046,0.741146,47.8491,79.474
9540,0.120535,0.658232,0.743103,48.0164,79.623
9600,0.118433,0.656406,0.745054,48.1837,79.7723
9660,0.116337,0.654566,0.747,48.3511,79.922
9720,0.114247,0.652715,0.74894,48.5186,80.0719
9780,0.112163,0.650851,0.750875,48.6862,80.2221
9840,0.110085,0.648974,0.752804,48.8538,80.3726
9900,0.108013,0.647086,0.754727,49.0215,80.5234
9960,0.105947,0.645184,0.756645,49.1893,80.6746
10020,0.103887,0.643271,0.758558,49.3572,80.826
10080,0.101834,0.641345,0.760464,49.5251,80.9778
10140,0.0997862,0.639408,0.762365,49.6931,81.13
10200,0.0977448,0.637458,0.76426,49.8612,81.2824
10260,0.0957098,0.635495,0.766149,50.0294,81.4352
10320,0.093681,0.633521,0.768033,50.1976,81.5884
10380,0.0916586,0.631535,0.769911,50.3659,81.742
10440,0.0896425,0.629537,0.771782,50.5342,81.8959
10500,0.0876328,0.627526,0.773648,50.7026,82.0502
10560,0.0856296,0.625504,0.775508,50.8711,82.2048
10620,0.0836329,0.62347,0.777361,51.0396,82.3599
10680,0.0816427,0.621424,0.779209,51.2082,82.5153
10740,0.0796591,0.619366,0.781051,51.3769,82.6712
10800,0.0776821,0.617296,0.782886,51.5456,82.8275
10860,0.0757117,0.615215,0.784715,51.7144,82.9841
10920,0.0737479,0.613122,0.786538,51.8832,83.1413
10980,0.0717909,0.611017,0.788355,52.0521,83.2988
11040,0.0698407,0.608901,0.790166,52.221,83.4568
11100,0.0678972,0.606773,0.79197,52.39,83.6152
11160,0.0659606,0.604633,0.793768,52.5591,83.7741
11220,0.0640308,0.602482,0.79556,52.7282,83.9335
11280,0.0621079,0.600319,0.797345,52.8973,84.0933
11340,0.060192,0.598145,0.799124,53.0665,84.2536
11400,0.058283,0.59596,0.800896,53.2358,84.4144
11460,0.056381,0.593763,0.802662,53.405,84.5757
11520,0.0544861,0.591555,0.804421,53.5744,84.7375
11580,0.0525983,0.589336,0.806174,53.7438,84.8999
11640,0.0507175,0.587106,0.80792,53.9132,85.0627
11700,0.048844,0.584864,0.809659,54.0827,85.2261
11760,0.0469776,0.582611,0.811392,54.2522,85.3901
11820,0.0451184,0.580347,0.813118,54.4217,85.5546
11880,0.0432665,0.578072,0.814837,54.5913,85.7196
11940,0.0414219,0.575787,0.81655,54.7609,85.8853
12000,0.0395846,0.57349,0.818256,54.9306,86.0515
12060,0.0377547,0.571182,0.819955,55.1003,86.2183
12120,0.0359322,0.568863,0.821647,55.27,86.3857
12180,0.0341171,0.566534,0.823332,55.4397,86.5538
12240,0.0323095,0.564193,0.82501,55.6095,86.7224
12300,0.0305093,0.561842,0.826681,55.7793,86.8918
12360,0.0287167,0.559481,0.828346,55.9492,87.0617
12420,0.0269317,0.557108,0.830003,56.1191,87.2324
12480,0.0251543,0.554725,0.831653,56.2889,87.4037
12540,0.0233846,0.552332,0.833296,56.4589,87.5757
12600,0.0216225,0.549928,0.834932,56.6288,87.7484
12660,0.0198681,0.547513,0.836561,56.7988,87.9218
12720,0.0181214,0.545088,0.838183,56.9687,88.0959
12780,0.0163825,0.542653,0.839797,57.1387,88.2708
12840,0.0146514,0.540207,0.841404,57.3087,88.4464
12900,0.0129282,0.537751,0.843004,57.4788,88.6228
12960,0.0112128,0.535285,0.844597,57.6488,88.8
13020,0.00950538,0.532809,0.846182,57.8188,88.9779
13080,0.00780585,0.530322,0.84776,57.9889,89.1567
13140,0.0061143,0.527825,0.849331,58.159,89.3363
13200,0.00443074,0.525319,0.850894,58.329,89.5168
13260,0.00275522,0.522802,0.852449,58.4991,89.698
13320,0.00108776,0.520276,0.853998,58.6692,89.8802
13380,-0.000571607,0.517739,0.855538,58.8393,90.0633
13440,-0.00222284,0.515193,0.857071,58.9993,90.2472
13500,-0.00386592,0.512636,0.858597,59.1694,90.4321
13560,-0.0055008,0.510071,0.860115,59.3395,90.6179
13620,-0.00712746,0.507495,0.861625,59.5096,90.8046
13680,-0.00874587,0.50491,0.863128,59.6796,90.9924
13740,-0.010356,0.502315,0.864623,59.8497,91.1811
13800,-0.0119578,0.49971,0.86611,60.0197,91.3708
13860,-0.0135513,0.497096,0.867589,60.1897,91.5615
13920,-0.0151364,0.494473,0.869061,60.3597,91.7533
13980,-0.0167131,0.49184,0.870525,60.5297,91.9462
14040,-0.0182813,0.489198,0.871981,60.6997,92.1401
14100,-0.0198411,0.486546,0.873429,60.8696,92.3352
14160,-0.0213924,0.483885,0.87487,61.0396,92.5314
14220,-0.0229351,0.481215,0.876302,61.2095,92.7287
14280,-0.0244694,0.478536,0.877727,61.3793,92.9272
14340,-0.025995,0.475848,0.879143,61.5492,93.1269
14400,-0.027512,0.473151,0.880552,61.719,93.3278
14460,-0.0290204,0.470444,0.881952,61.8888,93.5299
14520,-0.0305201,0.467729,0.883345,62.0585,93.7334
14580,-0.0320111,0.465005,0.884729,62.2282,93.938
14640,-0.0334934,0.462272,0.886106,62.3979,94.1441
14700,-0.0349669,0.45953,0.887474,62.5675,94.3514
14760,-0.0364316,0.456779,0.888834,62.7371,94.5601
14820,-0.0378876,0.45402,0.890186,62.9066,94.7702
14880,-0.0393347,0.451252,0.891529,63.076,94.9818
14940,-0.0407729,0.448475,0.892865,63.2455,95.1947
15000,-0.0422022,0.44569,0.894192,63.4148,95.4092
15060,-0.0436226,0.442897,0.895511,63.5841,95.6251
15120,-0.0450341,0.440095,0.896821,63.7533,95.8426
15180,-0.0464366,0.437284,0.898124,63.9225,96.0617
15240,-0.0478301,0.434466,0.899417,64.0916,96.2824
15300,-0.0492145,0.431639,0.900703,64.2606,96.5047
15360,-0.0505899,0.428804,0.90198,64.4296,96.7286
15420,-0.0519563,0.42596,0.903249,64.5984,96.9543
15480,-0.0533135,0.423109,0.904509,64.7672,97.1817
15540,-0.0546616,0.420249,0.905761,64.9359,97.4108
15600,-0.0560005,0.417382,0.907004,65.1046,97.6418
15660,-0.0573302,0.414506,0.908239,65.2731,97.8746
15720,-0.0586508,0.411623,0.909465,65.4415,98.1093
15780,-0.0599621,0.408732,0.910683,65.6099,98.3459
15840,-0.0612641,0.405833,0.911892,65.7781,98.5845
15900,-0.0625569,0.402926,0.913092,65.9462,98.8251
15960,-0.0638403,0.400012,0.914284,66.1142,99.0677
16020,-0.0651145,0.39709,0.915467,66.2821,99.3124
16080,-0.0663792,0.39416,0.916641,66.4499,99.5593
16140,-0.0676346,0.391223,0.917807,66.6176,99.8083
16200,-0.0688806,0.388279,0.918964,66.7851,100.06
16260,-0.0701171,0.385327,0.920112,66.9525,100.313
16320,-0.0713442,0.382368,0.921252,67.1198,100.569
16380,-0.0725619,0.379401,0.922382,67.2869,100.827
16440,-0.07377,0.376428,0.923504,67.4539,101.088
16500,-0.0749686,0.373447,0.924617,67.6207,101.351
16560,-0.0761576,0.370459,0.925721,67.7874,101.617
16620,-0.0773371,0.367464,0.926817,67.9539,101.885
16680,-0.078507,0.364462,0.927903,68.1203,102.156
16740,-0.0796673,0.361453,0.928981,68.2865,102.43
16800,-0.080818,0.358437,0.930049,68.4525,102.706
16860,-0.081959,0.355414,0.931109,68.6183,102.985
16920,-0.0830903,0.352385,0.932159,68.7839,103.268
16980,-0.0842119,0.349349,0.933201,68.9494,103.553
17040,-0.0853238,0.346306,0.934233,69.1146,103.841
17100,-0.086426,0.343257,0.935257,69.2797,104.132
17160,-0.0875183,0.340201,0.936271,69.4445,104.427
17220,-0.088601,0.337138,0.937277,69.6091,104.725
17280,-0.0896738,0.33407,0.938273,69.7735,105.026
17340,-0.0907367,0.330995,0.93926,69.9377,105.33
17400,-0.0917899,0.327913,0.940238,70.1016,105.638
17460,-0.0928332,0.324825,0.941207,70.2652,105.95
17520,-0.0938665,0.321732,0.942167,70.4286,106.265
17580,-0.09489,0.318632,0.943117,70.5918,106.584
17640,-0.0959036,0.315525,0.944058,70.7547,106.907
17700,-0.0969072,0.312413,0.94499,70.9173,107.233
17760,-0.0979009,0.309295,0.945913,71.0796,107.564
17820,-0.0988845,0.306171,0.946827,71.2416,107.899
17880,-0.0998582,0.303042,0.947731,71.4033,108.238
17940,-0.100822,0.299906,0.948626,71.5647,108.582
18000,-0.101775,0.296765,0.949512,71.7257,108.929
18060,-0.102719,0.293618,0.950388,71.8864,109.282
18120,-0.103653,0.290466,0.951255,72.0468,109.639
18180,-0.104576,0.287308,0.952112,72.2068,110.001
18240,-0.105489,0.284144,0.952961,72.3665,110.368
18300,-0.106392,0.280975,0.953799,72.5257,110.739
18360,-0.107285,0.277801,0.954629,72.6846,111.116
18420,-0.108168,0.274622,0.955449,72.8431,111.499
18480,-0.109041,0.271437,0.956259,73.0011,111.886
18540,-0.109903,0.268247,0.95706,73.1587,112.279
18600,-0.110756,0.265052,0.957852,73.3159,112.678
18660,-0.111598,0.261852,0.958634,73.4726,113.083
18720,-0.11243,0.258647,0.959407,73.6288,113.494
18780,-0.113251,0.255437,0.96017,73.7846,113.911
18840,-0.114062,0.252222,0.960923,73.9398,114.334
18900,-0.114863,0.249003,0.961667,74.0945,114.764
18960,-0.115654,0.245778,0.962402,74.2487,115.2
19020,-0.116435,0.242549,0.963127,74.4023,115.643
19080,-0.117205,0.239316,0.963842,74.5554,116.093
19140,-0.117964,0.236077,0.964548,74.7078,116.551
19200,-0.118714,0.232835,0.965244,74.8597,117.015
19260,-0.119453,0.229588,0.96593,75.0109,117.488
19320,-0.120181,0.226336,0.966607,75.1615,117.968
19380,-0.120899,0.22308,0.967274,75.3114,118.456
19440,-0.121607,0.21982,0.967931,75.4605,118.952
19500,-0.122304,0.216556,0.968579,75.609,119.456
19560,-0.122991,0.213288,0.969217,75.7568,119.97
19620,-0.123668,0.210015,0.969845,75.9037,120.492
19680,-0.124333,0.206739,0.970464,76.0499,121.023
19740,-0.124989,0.203459,0.971073,76.1952,121.563
19800,-0.125634,0.200174,0.971672,76.3397,122.113
19860,-0.126268,0.196886,0.972261,76.4834,122.673
19920,-0.126892,0.193595,0.972841,76.6261,123.243
19980,-0.127506,0.190299,0.973411,76.7679,123.823
20040,-0.128108,0.187,0.973971,76.9087,124.414
20100,-0.128701,0.183697,0.974521,77.0485,125.016
20160,-0.129282,0.180391,0.975062,77.1873,125.628
20220,-0.129854,0.177082,0.975592,77.325,126.252
20280,-0.130414,0.173769,0.976113,77.4616,126.888
20340,-0.130964,0.170453,0.976624,77.5971,127.536
20400,-0.131503,0.167133,0.977125,77.7314,128.196
20460,-0.132032,0.16381,0.977616,77.8645,128.869
20520,-0.13255,0.160485,0.978098,77.9963,129.555
20580,-0.133058,0.157156,0.978569,78.1268,130.253
20640,-0.133554,0.153824,0.979031,78.2559,130.965
20700,-0.134041,0.150489,0.979483,78.3836,131.691
20760,-0.134516,0.147152,0.979924,78.5099,132.431
20820,-0.134981,0.143811,0.980356,78.6347,133.186
20880,-0.135435,0.140468,0.980778,78.758,133.955
20940,-0.135878,0.137122,0.98119,78.8796,134.739
21000,-0.136311,0.133774,0.981593,78.9996,135.538
21060,-0.136733,0.130423,0.981985,79.1179,136.353
21120,-0.137144,0.127069,0.982367,79.2344,137.184
21180,-0.137545,0.123713,0.982739,79.3491,138.03
21240,-0.137935,0.120355,0.983102,79.4619,138.894
21300,-0.138314,0.116995,0.983454,79.5728,139.773
21360,-0.138682,0.113632,0.983796,79.6816,140.67
21420,-0.139039,0.110267,0.984129,79.7884,141.583
21480,-0.139386,0.1069,0.984451,79.893,142.514
21540,-0.139722,0.103531,0.984764,79.9954,143.462
21600,-0.140047,0.10016,0.985066,80.0955,144.428
21660,-0.140362,0.096787,0.985358,80.1933,145.412
21720,-0.140666,0.0934123,0.985641,80.2886,146.413
21780,-0.140958,0.0900357,0.985913,80.3815,147.432
21840,-0.141241,0.0866575,0.986175,80.4718,148.469
21900,-0.141512,0.0832776,0.986428,80.5594,149.524
21960,-0.141772,0.0798961,0.98667,80.6443,150.596
22020,-0.142022,0.0765131,0.986902,80.7264,151.687
22080,-0.142261,0.0731286,0.987124,80.8057,152.795
22140,-0.142489,0.0697428,0.987336,80.882,153.92
22200,-0.142706,0.0663556,0.987538,80.9552,155.062
22260,-0.142912,0.0629672,0.98773,81.0254,156.222
22320,-0.143108,0.0595775,0.987912,81.0924,157.397
22380,-0.143292,0.0561867,0.988084,81.1562,158.589
22440,-0.143466,0.0527949,0.988246,81.2166,159.797
22500,-0.143629,0.0494021,0.988398,81.2737,161.019
22560,-0.143781,0.0460083,0.98854,81.3273,162.256
22620,-0.143922,0.0426136,0.988671,81.3774,163.507
22680,-0.144053,0.0392182,0.988793,81.4239,164.77
22740,-0.144172,0.0358219,0.988904,81.4668,166.046
22800,-0.144281,0.032425,0.989005,81.5059,167.334
22860,-0.144379,0.0290275,0.989097,81.5414,168.632
22920,-0.144466,0.0256295,0.989178,81.573,169.94
22980,-0.144542,0.0222309,0.989249,81.6008,171.256
23040,-0.144607,0.018832,0.98931,81.6248,172.58
23100,-0.144661,0.0154326,0.989361,81.6448,173.911
23160,-0.144705,0.012033,0.989402,81.6609,175.246
23220,-0.144737,0.00863317,0.989433,81.673,176.587
23280,-0.144759,0.00523316,0.989453,81.6812,177.93
23340,-0.14477,0.00183305,0.989464,81.6854,179.275
23400,-0.14477,-0.00156709,0.989464,81.6856,-179.38
23460,-0.144759,-0.00496721,0.989455,81.6818,-178.035
23520,-0.144737,-0.00836722,0.989435,81.674,-176.691
23580,-0.144704,-0.0117671,0.989405,81.6622,-175.351
23640,-0.144661,-0.0151667,0.989365,81.6465,-174.015
23700,-0.144606,-0.018566,0.989315,81.6268,-172.684
23760,-0.144541,-0.021965,0.989255,81.6032,-171.359
23820,-0.144465,-0.0253636,0.989185,81.5757,-170.042
23880,-0.144378,-0.0287617,0.989105,81.5444,-168.734
23940,-0.14428,-0.0321592,0.989014,81.5093,-167.435
24000,-0.144171,-0.0355561,0.988914,81.4705,-166.146
24060,-0.144052,-0.0389524,0.988803,81.428,-164.869
24120,-0.143921,-0.0423479,0.988683,81.3818,-163.604
24180,-0.14378,-0.0457425,0.988552,81.332,-162.352
24240,-0.143628,-0.0491364,0.988411,81.2787,-161.114
24300,-0.143465,-0.0525292,0.98826,81.222,-159.89
24360,-0.143291,-0.0559211,0.9881,81.1618,-158.681
24420,-0.143106,-0.0593119,0.987929,81.0984,-157.488
24480,-0.142911,-0.0627016,0.987748,81.0317,-156.311
24540,-0.142704,-0.0660901,0.987556,80.9618,-155.15
24600,-0.142487,-0.0694773,0.987355,80.8888,-154.006
24660,-0.142259,-0.0728632,0.987144,80.8128,-152.879
24720,-0.14202,-0.0762478,0.986923,80.7338,-151.77
24780,-0.14177,-0.0796308,0.986692,80.652,-150.678
24840,-0.14151,-0.0830124,0.98645,80.5673,-149.603
24900,-0.141238,-0.0863923,0.986199,80.4799,-148.547
24960,-0.140956,-0.0897707,0.985937,80.3899,-147.508
25020,-0.140663,-0.0931473,0.985666,80.2973,-146.487
25080,-0.14036,-0.0965221,0.985385,80.2021,-145.485
25140,-0.140045,-0.0998951,0.985093,80.1046,-144.499
25200,-0.13972,-0.103266,0.984792,80.0047,-143.532
25260,-0.139384,-0.106635,0.98448,79.9025,-142.582
25320,-0.139037,-0.110002,0.984159,79.798,-141.65
25380,-0.138679,-0.113367,0.983827,79.6915,-140.735
25440,-0.138311,-0.11673,0.983486,79.5828,-139.837
25500,-0.137932,-0.120091,0.983134,79.4722,-138.955
25560,-0.137542,-0.123449,0.982773,79.3595,-138.091
25620,-0.137141,-0.126805,0.982402,79.245,-137.243
25680,-0.13673,-0.130159,0.98202,79.1286,-136.41
25740,-0.136308,-0.13351,0.981629,79.0105,-135.594
25800,-0.135875,-0.136858,0.981228,78.8907,-134.793
25860,-0.135432,-0.140204,0.980817,78.7692,-134.008
25920,-0.134977,-0.143547,0.980396,78.6461,-133.238
25980,-0.134513,-0.146888,0.979965,78.5214,-132.482
26040,-0.134037,-0.150226,0.979524,78.3953,-131.741
26100,-0.133551,-0.153561,0.979073,78.2677,-131.013
26160,-0.133054,-0.156893,0.978612,78.1386,-130.3
26220,-0.132546,-0.160222,0.978141,78.0083,-129.6
26280,-0.132028,-0.163547,0.977661,77.8766,-128.913
26340,-0.131499,-0.16687,0.977171,77.7437,-128.239
26400,-0.13096,-0.17019,0.97667,77.6095,-127.578
26460,-0.13041,-0.173506,0.97616,77.4741,-126.929
26520,-0.129849,-0.176819,0.97564,77.3376,-126.292
26580,-0.129278,-0.180129,0.975111,77.2,-125.667
26640,-0.128696,-0.183435,0.974571,77.0613,-125.053
26700,-0.128104,-0.186738,0.974022,76.9216,-124.45
26760,-0.127501,-0.190037,0.973463,76.7808,-123.859
26820,-0.126888,-0.193333,0.972894,76.6391,-123.278
26880,-0.126264,-0.196625,0.972315,76.4965,-122.707
26940,-0.125629,-0.199913,0.971727,76.353,-122.146
27000,-0.124984,-0.203197,0.971128,76.2085,-121.595
27060,-0.124329,-0.206478,0.97052,76.0633,-121.054
27120,-0.123663,-0.209754,0.969903,75.9172,-120.522
27180,-0.122986,-0.213027,0.969275,75.7703,-119.999
27240,-0.122299,-0.216295,0.968638,75.6226,-119.485
27300,-0.121602,-0.21956,0.967991,75.4742,-118.98
27360,-0.120894,-0.22282,0.967335,75.3251,-118.483
27420,-0.120176,-0.226076,0.966668,75.1752,-117.994
27480,-0.119447,-0.229327,0.965993,75.0247,-117.513
27540,-0.118708,-0.232575,0.965307,74.8736,-117.04
27600,-0.117959,-0.235818,0.964612,74.7218,-116.575
27660,-0.117199,-0.239056,0.963907,74.5694,-116.117
27720,-0.116429,-0.24229,0.963193,74.4164,-115.666
27780,-0.115648,-0.245519,0.962469,74.2628,-115.222
27840,-0.114858,-0.248744,0.961735,74.1087,-114.785
27900,-0.114057,-0.251963,0.960992,73.954,-114.355
27960,-0.113245,-0.255178,0.960239,73.7988,-113.931
28020,-0.112424,-0.258388,0.959477,73.6431,-113.514
28080,-0.111592,-0.261594,0.958706,73.487,-113.102
28140,-0.110749,-0.264794,0.957924,73.3303,-112.697
28200,-0.109897,-0.267989,0.957134,73.1732,-112.298
28260,-0.109035,-0.271179,0.956333,73.0156,-111.904
28320,-0.108162,-0.274364,0.955524,72.8576,-111.516
28380,-0.107279,-0.277544,0.954705,72.6992,-111.133
28440,-0.106386,-0.280718,0.953876,72.5403,-110.756
28500,-0.105483,-0.283887,0.953038,72.3811,-110.383
28560,-0.104569,-0.287051,0.952191,72.2215,-110.016
28620,-0.103646,-0.290209,0.951334,72.0615,-109.654
28680,-0.102712,-0.293362,0.950468,71.9012,-109.296
28740,-0.101768,-0.296509,0.949593,71.7405,-108.943
28800,-0.100815,-0.29965,0.948708,71.5795,-108.595
28860,-0.099851,-0.302786,0.947814,71.4181,-108.251
28920,-0.0988773,-0.305916,0.94691,71.2564,-107.912
28980,-0.0978935,-0.30904,0.945998,71.0945,-107.576
29040,-0.0968998,-0.312158,0.945076,70.9322,-107.245
29100,-0.0958961,-0.315271,0.944144,70.7696,-106.918
29160,-0.0948825,-0.318377,0.943204,70.6068,-106.595
29220,-0.0938589,-0.321477,0.942254,70.4436,-106.276
29280,-0.0928255,-0.324571,0.941296,70.2802,-105.96
29340,-0.0917821,-0.327659,0.940327,70.1166,-105.648
29400,-0.0907289,-0.330741,0.93935,69.9527,-105.34
29460,-0.0896659,-0.333816,0.938364,69.7886,-105.035
29520,-0.088593,-0.336885,0.937369,69.6242,-104.734
29580,-0.0875103,-0.339948,0.936364,69.4596,-104.436
29640,-0.0864178,-0.343004,0.93535,69.2948,-104.141
29700,-0.0853156,-0.346054,0.934328,69.1298,-103.849
29760,-0.0842036,-0.349097,0.933296,68.9646,-103.561
29820,-0.0830819,-0.352133,0.932255,68.7991,-103.276
29880,-0.0819505,-0.355163,0.931206,68.6335,-102.993
29940,-0.0808095,-0.358186,0.930147,68.4677,-102.714
30000,-0.0796587,-0.361202,0.929079,68.3017,-102.437
30060,-0.0784984,-0.364211,0.928002,68.1355,-102.163
30120,-0.0773284,-0.367213,0.926917,67.9692,-101.892
30180,-0.0761489,-0.370209,0.925822,67.8027,-101.623
30240,-0.0749597,-0.373197,0.924719,67.636,-101.357
30300,-0.0737611,-0.376178,0.923607,67.4692,-101.094
30360,-0.0725529,-0.379152,0.922486,67.3022,-100.833
30420,-0.0713352,-0.382119,0.921356,67.1351,-100.574
30480,-0.070108,-0.385078,0.920217,66.9679,-100.318
30540,-0.0688714,-0.38803,0.91907,66.8005,-100.065
30600,-0.0676254,-0.390975,0.917914,66.6329,-99.8131
30660,-0.0663699,-0.393912,0.916749,66.4653,-99.5639
30720,-0.0651051,-0.396842,0.915575,66.2975,-99.3168
30780,-0.0638309,-0.399764,0.914393,66.1296,-99.0719
30840,-0.0625474,-0.402679,0.913202,65.9616,-98.8291
30900,-0.0612545,-0.405586,0.912002,65.7935,-98.5883
30960,-0.0599524,-0.408485,0.910794,65.6253,-98.3496
31020,-0.058641,-0.411377,0.909577,65.457,-98.1128
31080,-0.0573204,-0.41426,0.908352,65.2886,-97.8779
31140,-0.0559906,-0.417136,0.907118,65.12,-97.6449
31200,-0.0546516,-0.420004,0.905875,64.9514,-97.4138
31260,-0.0533035,-0.422864,0.904624,64.7827,-97.1844
31320,-0.0519462,-0.425716,0.903365,64.6139,-96.9569
31380,-0.0505798,-0.428559,0.902097,64.4451,-96.7311
31440,-0.0492043,-0.431395,0.900821,64.2761,-96.507
31500,-0.0478198,-0.434222,0.899536,64.1071,-96.2845
31560,-0.0464262,-0.437041,0.898243,63.938,-96.0637
31620,-0.0450237,-0.439852,0.896941,63.7689,-95.8445
31680,-0.0436121,-0.442654,0.895631,63.5996,-95.6269
31740,-0.0421917,-0.445448,0.894313,63.4303,-95.4108
31800,-0.0407623,-0.448233,0.892987,63.261,-95.1962
31860,-0.039324,-0.45101,0.891652,63.0916,-94.9831
31920,-0.0378768,-0.453778,0.890309,62.9221,-94.7714
31980,-0.0364208,-0.456538,0.888958,62.7526,-94.5612
32040,-0.034956,-0.459289,0.887599,62.5831,-94.3523
32100,-0.0334824,-0.462031,0.886232,62.4134,-94.1449
32160,-0.0320001,-0.464765,0.884856,62.2438,-93.9387
32220,-0.030509,-0.467489,0.883472,62.0741,-93.7339
32280,-0.0290092,-0.470205,0.882081,61.9044,-93.5304
32340,-0.0275008,-0.472911,0.880681,61.7346,-93.3281
32400,-0.0259837,-0.475609,0.879273,61.5648,-93.1271
32460,-0.024458,-0.478298,0.877857,61.3949,-92.9273
32520,-0.0229238,-0.480977,0.876433,61.2251,-92.7287
32580,-0.0213809,-0.483648,0.875002,61.0552,-92.5313
32640,-0.0198296,-0.486309,0.873562,60.8852,-92.335
32700,-0.0182697,-0.488961,0.872115,60.7153,-92.1398
32760,-0.0167014,-0.491603,0.870659,60.5453,-91.9458
32820,-0.0151247,-0.494236,0.869196,60.3753,-91.7528
32880,-0.0135395,-0.49686,0.867725,60.2053,-91.5609
32940,-0.011946,-0.499475,0.866246,60.0353,-91.3701
33000,-0.0103441,-0.502079,0.86476,59.8653,-91.1803
33060,-0.00873392,-0.504675,0.863266,59.6952,-90.9915
33120,-0.00711545,-0.50726,0.861764,59.5252,-90.8036
33180,-0.00548873,-0.509836,0.860254,59.3551,-90.6168
33240,-0.00385378,-0.512403,0.858737,59.185,-90.4309
33300,-0.00221065,-0.514959,0.857212,59.0149,-90.246
33360,-0.000559351,-0.517506,0.85568,58.8549,-90.0619
33420,0.00110007,-0.520043,0.85414,58.6848,-89.8788
33480,0.00276759,-0.52257,0.852592,58.5147,-89.6966
33540,0.00444317,-0.525087,0.851037,58.3446,-89.5152
33600,0.00612679,-0.527594,0.849475,58.1746,-89.3347
33660,0.00781841,-0.530091,0.847905,58.0045,-89.155
33720,0.00951799,-0.532578,0.846328,57.8344,-88.9761
33780,0.0112255,-0.535055,0.844743,57.6644,-88.7981
33840,0.0129409,-0.537521,0.843151,57.4944,-88.6209
33900,0.0146642,-0.539978,0.841552,57.3243,-88.4444
33960,0.0163954,-0.542424,0.839945,57.1543,-88.2687
34020,0.0181343,-0.544859,0.838331,56.9843,-88.0938
34080,0.019881,-0.547285,0.83671,56.8144,-87.9196
34140,0.0216355,-0.5497,0.835082,56.6444,-87.7461
34200,0.0233976,-0.552104,0.833447,56.4745,-87.5733
34260,0.0251675,-0.554498,0.831805,56.3045,-87.4013
34320,0.0269449,-0.556881,0.830155,56.1346,-87.2299
34380,0.02873,-0.559254,0.828498,55.9648,-87.0592
34440,0.0305226,-0.561616,0.826835,55.7949,-86.8892
34500,0.0323228,-0.563968,0.825164,55.6251,-86.7198
34560,0.0341305,-0.566309,0.823486,55.4553,-86.551
34620,0.0359456,-0.568639,0.821802,55.2856,-86.3829
34680,0.0377682,-0.570958,0.82011,55.1158,-86.2155
34740,0.0395982,-0.573266,0.818412,54.9461,-86.0486
34800,0.0414355,-0.575563,0.816707,54.7765,-85.8823
34860,0.0432802,-0.577849,0.814995,54.6069,-85.7166
34920,0.0451322,-0.580125,0.813276,54.4373,-85.5515
34980,0.0469914,-0.582389,0.811551,54.2677,-85.387
35040,0.0488578,-0.584642,0.809819,54.0982,-85.223
35100,0.0507314,-0.586884,0.80808,53.9287,-85.0595
35160,0.0526122,-0.589115,0.806334,53.7593,-84.8966
35220,0.0545001,-0.591335,0.804582,53.5899,-84.7342
35280,0.0563951,-0.593543,0.802824,53.4206,-84.5724
35340,0.0582971,-0.595741,0.801059,53.2513,-84.411
35400,0.0602061,-0.597926,0.799287,53.082,-84.2502
35460,0.0621221,-0.600101,0.797509,52.9128,-84.0898
35520,0.0640451,-0.602264,0.795724,52.7437,-83.9299
35580,0.0659749,-0.604415,0.793933,52.5746,-83.7705
35640,0.0679116,-0.606555,0.792136,52.4055,-83.6116
35700,0.0698551,-0.608684,0.790332,52.2365,-83.4531
35760,0.0718054,-0.610801,0.788522,52.0676,-83.2951
35820,0.0737625,-0.612906,0.786706,51.8987,-83.1375
35880,0.0757262,-0.614999,0.784883,51.7299,-82.9804
35940,0.0776967,-0.617081,0.783054,51.5611,-82.8237
36000,0.0796738,-0.619151,0.78122,51.3924,-82.6674
36060,0.0816574,-0.62121,0.779379,51.2237,-82.5115
36120,0.0836477,-0.623256,0.777531,51.0551,-82.356
36180,0.0856444,-0.625291,0.775678,50.8866,-82.2009
36240,0.0876477,-0.627313,0.773819,50.7181,-82.0462
36300,0.0896574,-0.629324,0.771954,50.5497,-81.8919
36360,0.0916735,-0.631323,0.770083,50.3813,-81.7379
36420,0.093696,-0.63331,0.768206,50.213,-81.5843
36480,0.0957248,-0.635284,0.766323,50.0448,-81.4311
36540,0.0977599,-0.637247,0.764434,49.8767,-81.2783
36600,0.0998013,-0.639198,0.762539,49.7086,-81.1258
36660,0.101849,-0.641136,0.760639,49.5406,-80.9736
36720,0.103903,-0.643062,0.758733,49.3726,-80.8218
36780,0.105963,-0.644976,0.756821,49.2048,-80.6703
36840,0.108029,-0.646877,0.754904,49.037,-80.5191
36900,0.110101,-0.648767,0.752981,48.8692,-80.3682
36960,0.112179,-0.650644,0.751052,48.7016,-80.2177
37020,0.114263,-0.652508,0.749118,48.534,-80.0675
37080,0.116353,-0.65436,0.747178,48.3665,-79.9175
37140,0.118449,-0.6562,0.745233,48.1991,-79.7679
37200,0.12055,-0.658027,0.743282,48.0318,-79.6185
37260,0.122658,-0.659841,0.741326,47.8645,-79.4695
37320,0.124771,-0.661644,0.739365,47.6973,-79.3207
37380,0.126891,-0.663433,0.737398,47.5302,-79.1722
37440,0.129015,-0.66521,0.735426,47.3632,-79.0239
37500,0.131146,-0.666974,0.733449,47.1963,-78.8759
37560,0.133282,-0.668725,0.731466,47.0294,-78.7282
37620,0.135424,-0.670464,0.729478,46.8627,-78.5807
37680,0.137571,-0.67219,0.727485,46.696,-78.4335
37740,0.139724,-0.673903,0.725487,46.5294,-78.2866
37800,0.141882,-0.675604,0.723484,46.3629,-78.1398
37860,0.144045,-0.677291,0.721476,46.1965,-77.9933
37920,0.146214,-0.678966,0.719463,46.0302,-77.847
37980,0.148389,-0.680627,0.717445,45.8639,-77.701
38040,0.150568,-0.682276,0.715422,45.6978,-77.5551
38100,0.152753,-0.683912,0.713394,45.5318,-77.4095
38160,0.154943,-0.685534,0.711362,45.3658,-77.2641
38220,0.157138,-0.687144,0.709324,45.2,-77.1189
38280,0.159339,-0.68874,0.707282,45.0342,-76.9739
38340,0.161544,-0.690324,0.705235,44.8685,-76.8291
38400,0.163755,-0.691894,0.703184,44.703,-76.6845
38460,0.16597,-0.693451,0.701127,44.5375,-76.5401
38520,0.16819,-0.694995,0.699067,44.3722,-76.3958
38580,0.170416,-0.696526,0.697001,44.2069,-76.2518
38640,0.172646,-0.698043,0.694931,44.0417,-76.1079
38700,0.174881,-0.699547,0.692857,43.8767,-75.9642
38760,0.177121,-0.701038,0.690778,43.7117,-75.8207
38820,0.179365,-0.702515,0.688695,43.5469,-75.6773
38880,0.181615,-0.703979,0.686607,43.3821,-75.5341
38940,0.183869,-0.70543,0.684515,43.2175,-75.391
39000,0.186127,-0.706867,0.682419,43.0529,-75.2481
39060,0.18839,-0.708291,0.680318,42.8885,-75.1054
39120,0.190658,-0.709701,0.678214,42.7242,-74.9628
39180,0.19293,-0.711098,0.676105,42.56,-74.8203
39240,0.195207,-0.712481,0.673992,42.3959,-74.678
39300,0.197488,-0.713851,0.671875,42.2319,-74.5358
39360,0.199773,-0.715207,0.669754,42.068,-74.3938
39420,0.202063,-0.716549,0.667628,41.9043,-74.2519
39480,0.204357,-0.717878,0.665499,41.7406,-74.1101
39540,0.206655,-0.719193,0.663366,41.5771,-73.9684
39600,0.208957,-0.720495,0.661229,41.4137,-73.8268
39660,0.211264,-0.721783,0.659089,41.2504,-73.6854
39720,0.213574,-0.723056,0.656944,41.0872,-73.5441
39780,0.215889,-0.724317,0.654796,40.9242,-73.4028
39840,0.218208,-0.725563,0.652644,40.7612,-73.2617
39900,0.22053,-0.726796,0.650488,40.5984,-73.1207
39960,0.222857,-0.728015,0.648328,40.4357,-72.9798
40020,0.225187,-0.729219,0.646166,40.2731,-72.839
40080,0.227521,-0.73041,0.643999,40.1107,-72.6983
40140,0.229859,-0.731588,0.641829,39.9483,-72.5577
40200,0.232201,-0.732751,0.639655,39.7861,-72.4171
40260,0.234547,-0.7339,0.637479,39.634,-72.2767
40320,0.236896,-0.735035,0.635298,39.4721,-72.1363
40380,0.239248,-0.736157,0.633114,39.3103,-71.996
40440,0.241605,-0.737264,0.630927,39.1486,-71.8558
40500,0.243964,-0.738357,0.628737,38.987,-71.7157
40560,0.246328,-0.739436,0.626544,38.8256,-71.5756
40620,0.248694,-0.740501,0.624347,38.6643,-71.4356
40680,0.251064,-0.741552,0.622147,38.5031,-71.2956
40740,0.253438,-0.742589,0.619944,38.3421,-71.1558
40800,0.255814,-0.743612,0.617738,38.1812,-71.016
40860,0.258194,-0.74462,0.615529,38.0204,-70.8762
40920,0.260578,-0.745615,0.613317,37.8598,-70.7365
40980,0.262964,-0.746595,0.611102,37.6993,-70.5968
41040,0.265353,-0.747561,0.608885,37.5389,-70.4572
41100,0.267746,-0.748513,0.606664,37.3787,-70.3177
41160,0.270141,-0.74945,0.604441,37.2186,-70.1782
41220,0.27254,-0.750373,0.602214,37.0587,-70.0387
41280,0.274941,-0.751282,0.599985,36.8988,-69.8993
41340,0.277345,-0.752177,0.597754,36.7392,-69.7599
41400,0.279753,-0.753057,0.59552,36.5797,-69.6205
41460,0.282162,-0.753923,0.593283,36.4203,-69.4812
41520,0.284575,-0.754775,0.591043,36.2611,-69.3419
41580,0.28699,-0.755612,0.588802,36.102,-69.2026
41640,0.289409,-0.756435,0.586557,35.9431,-69.0634
41700,0.291829,-0.757243,0.58431,35.7843,-68.9242
41760,0.294252,-0.758037,0.582061,35.6256,-68.785
41820,0.296678,-0.758817,0.57981,35.4672,-68.6458
41880,0.299106,-0.759582,0.577556,35.3088,-68.5066
41940,0.301537,-0.760333,0.5753,35.1506,-68.3674
42000,0.30397,-0.761069,0.573042,34.9926,-68.2283
42060,0.306405,-0.761791,0.570781,34.8347,-68.0892
42120,0.308843,-0.762498,0.568519,34.677,-67.9501
42180,0.311282,-0.76319,0.566254,34.5194,-67.8109
42240,0.313724,-0.763869,0.563987,34.362,-67.6718
42300,0.316169,-0.764532,0.561719,34.2047,-67.5327
42360,0.318615,-0.765181,0.559448,34.0476,-67.3936
42420,0.321063,-0.765816,0.557176,33.8907,-67.2545
42480,0.323513,-0.766436,0.554901,33.7339,-67.1153
42540,0.325966,-0.767041,0.552625,33.5773,-66.9762
42600,0.32842,-0.767632,0.550347,33.4208,-66.8371
42660,0.330876,-0.768208,0.548068,33.2645,-66.6979
42720,0.333334,-0.768769,0.545786,33.1084,-66.5587
42780,0.335793,-0.769316,0.543503,32.9524,-66.4196
42840,0.338255,-0.769848,0.541219,32.7966,-66.2804
42900,0.340718,-0.770366,0.538932,32.641,-66.1411
42960,0.343182,-0.770869,0.536645,32.4855,-66.0019
43020,0.345649,-0.771357,0.534356,32.3302,-65.8626
43080,0.348116,-0.77183,0.532065,32.1751,-65.7233
43140,0.350586,-0.772289,0.529773,32.0201,-65.584
43200,0.353056,-0.772733,0.52748,31.8653,-65.4447
43260,0.355528,-0.773162,0.525185,31.7107,-65.3053
43320,0.358002,-0.773577,0.522889,31.5562,-65.1659
43380,0.360477,-0.773977,0.520592,31.402,-65.0264
43440,0.362953,-0.774362,0.518294,31.2479,-64.887
43500,0.36543,-0.774733,0.515994,31.0939,-64.7474
43560,0.367908,-0.775088,0.513694,30.9402,-64.6079
43620,0.370388,-0.775429,0.511392,30.7866,-64.4683
43680,0.372868,-0.775756,0.50909,30.6332,-64.3287
43740,0.37535,-0.776067,0.506786,30.48,-64.189
43800,0.377832,-0.776364,0.504482,30.327,-64.0492
43860,0.380316,-0.776645,0.502177,30.1741,-63.9094
43920,0.3828,-0.776912,0.499871,30.0215,-63.7696
43980,0.385285,-0.777165,0.497564,29.869,-63.6297
44040,0.387771,-0.777402,0.495257,29.7167,-63.4898
44100,0.390258,-0.777625,0.492948,29.5646,-63.3498
44160,0.392745,-0.777833,0.49064,29.4126,-63.2098
44220,0.395233,-0.778026,0.48833,29.2609,-63.0696
44280,0.397722,-0.778204,0.48602,29.1093,-62.9295
44340,0.400211,-0.778367,0.48371,28.958,-62.7892
44400,0.402701,-0.778516,0.481399,28.8168,-62.649
44460,0.405191,-0.77865,0.479087,28.6658,-62.5086
44520,0.407681,-0.778769,0.476776,28.515,-62.3682
44580,0.410172,-0.778873,0.474464,28.3644,-62.2277
44640,0.412664,-0.778962,0.472151,28.214,-62.0871
44700,0.415155,-0.779037,0.469839,28.0638,-61.9465
44760,0.417647,-0.779096,0.467526,27.9138,-61.8058
44820,0.420138,-0.779141,0.465213,27.764,-61.665
44880,0.42263,-0.779171,0.4629,27.6144,-61.5241
44940,0.425122,-0.779186,0.460587,27.465,-61.3832
45000,0.427614,-0.779186,0.458273,27.3158,-61.2422
45060,0.430106,-0.779172,0.45596,27.1667,-61.1011
45120,0.432598,-0.779142,0.453647,27.0179,-60.9599
45180,0.43509,-0.779098,0.451334,26.8693,-60.8187
45240,0.437582,-0.779039,0.449021,26.7209,-60.6773
45300,0.440073,-0.778965,0.446709,26.5727,-60.5359
45360,0.442564,-0.778877,0.444396,26.4247,-60.3944
45420,0.445055,-0.778773,0.442084,26.2769,-60.2528
45480,0.447546,-0.778655,0.439772,26.1294,-60.1111
45540,0.450036,-0.778521,0.437461,25.982,-59.9693
45600,0.452525,-0.778373,0.43515,25.8348,-59.8274
45660,0.455015,-0.778211,0.432839,25.6879,-59.6855
45720,0.457503,-0.778033,0.430529,25.5412,-59.5434
45780,0.459991,-0.77784,0.42822,25.3946,-59.4012
45840,0.462479,-0.777633,0.425911,25.2483,-59.259
45900,0.464965,-0.777411,0.423603,25.1023,-59.1166
45960,0.467451,-0.777174,0.421295,24.9564,-58.9741
46020,0.469936,-0.776922,0.418988,24.8107,-58.8315
46080,0.472421,-0.776656,0.416682,24.6653,-58.6889
46140,0.474904,-0.776375,0.414377,24.5201,-58.5461
46200,0.477387,-0.776079,0.412073,24.3751,-58.4032
46260,0.479868,-0.775768,0.409769,24.2303,-58.2602
46320,0.482349,-0.775442,0.407466,24.0858,-58.1171
46380,0.484828,-0.775102,0.405165,23.9415,-57.9739
46440,0.487307,-0.774747,0.402864,23.7974,-57.8306
46500,0.489784,-0.774377,0.400565,23.6535,-57.6871
46560,0.49226,-0.773992,0.398266,23.5099,-57.5436
46620,0.494735,-0.773593,0.395969,23.3664,-57.3999
46680,0.497208,-0.773179,0.393673,23.2233,-57.2561
46740,0.49968,-0.77275,0.391379,23.0803,-57.1122
46800,0.502151,-0.772306,0.389085,22.9376,-56.9682
46860,0.50462,-0.771848,0.386793,22.7951,-56.8241
46920,0.507088,-0.771375,0.384502,22.6528,-56.6798
46980,0.509554,-0.770888,0.382213,22.5108,-56.5354
47040,0.512019,-0.770385,0.379925,22.369,-56.3909
47100,0.514482,-0.769868,0.377639,22.2375,-56.2463
47160,0.516943,-0.769337,0.375354,22.0962,-56.1015
47220,0.519403,-0.76879,0.373071,21.9551,-55.9566
47280,0.521861,-0.76823,0.370789,21.8143,-55.8116
47340,0.524317,-0.767654,0.36851,21.6737,-55.6665
47400,0.526771,-0.767064,0.366231,21.5334,-55.5212
47460,0.529223,-0.766459,0.363955,21.3933,-55.3758
47520,0.531673,-0.76584,0.361681,21.2534,-55.2302
47580,0.534122,-0.765206,0.359408,21.1138,-55.0846
47640,0.536568,-0.764557,0.357137,20.9745,-54.9388
47700,0.539012,-0.763894,0.354868,20.8354,-54.7928
47760,0.541454,-0.763217,0.352601,20.6965,-54.6467
47820,0.543894,-0.762525,0.350337,20.5579,-54.5005
47880,0.546331,-0.761818,0.348074,20.4196,-54.3541
47940,0.548767,-0.761097,0.345813,20.2815,-54.2076
48000,0.551199,-0.760361,0.343555,20.1436,-54.061
48060,0.55363,-0.759611,0.341299,20.006,-53.9142
48120,0.556058,-0.758846,0.339045,19.8687,-53.7672
48180,0.558484,-0.758067,0.336793,19.7316,-53.6202
48240,0.560907,-0.757274,0.334544,19.5948,-53.4729
48300,0.563328,-0.756466,0.332297,19.4582,-53.3256
48360,0.565746,-0.755644,0.330052,19.3219,-53.178
48420,0.568161,-0.754807,0.32781,19.1859,-53.0304
48480,0.570574,-0.753956,0.32557,19.0501,-52.8825
48540,0.572984,-0.753091,0.323333,18.9146,-52.7346
48600,0.575391,-0.752211,0.321099,18.7794,-52.5864
48660,0.577795,-0.751317,0.318867,18.6444,-52.4382
48720,0.580196,-0.750408,0.316638,18.5097,-52.2897
48780,0.582595,-0.749486,0.314411,18.3753,-52.1412
48840,0.58499,-0.748549,0.312188,18.2411,-51.9924
48900,0.587383,-0.747598,0.309967,18.1172,-51.8435
48960,0.589772,-0.746632,0.307749,17.9836,-51.6944
49020,0.592158,-0.745653,0.305533,17.8503,-51.5452
49080,0.594541,-0.744659,0.303321,17.7172,-51.3959
49140,0.596921,-0.743651,0.301112,17.5844,-51.2463
49200,0.599298,-0.742629,0.298906,17.4519,-51.0966
49260,0.601671,-0.741592,0.296702,17.3197,-50.9468
49320,0.604041,-0.740542,0.294502,17.1877,-50.7967
49380,0.606408,-0.739477,0.292305,17.056,-50.6465
49440,0.608771,-0.738399,0.290112,16.9246,-50.4962
49500,0.611131,-0.737306,0.287921,16.7935,-50.3457
49560,0.613487,-0.736199,0.285734,16.6627,-50.195
49620,0.61584,-0.735079,0.28355,16.5322,-50.0441
49680,0.618189,-0.733944,0.281369,16.4019,-49.8931
49740,0.620534,-0.732795,0.279192,16.272,-49.7419
49800,0.622876,-0.731632,0.277018,16.1423,-49.5905
49860,0.625214,-0.730456,0.274848,16.0129,-49.439
49920,0.627548,-0.729265,0.272681,15.8839,-49.2873
49980,0.629879,-0.728061,0.270517,15.7551,-49.1354
50040,0.632205,-0.726843,0.268358,15.6266,-48.9834
50100,0.634528,-0.725611,0.266202,15.4984,-48.8311
50160,0.636846,-0.724365,0.264049,15.3705,-48.6787
50220,0.639161,-0.723105,0.261901,15.2429,-48.5262
50280,0.641472,-0.721832,0.259756,15.1256,-48.3734
50340,0.643778,-0.720545,0.257615,14.9986,-48.2205
50400,0.64608,-0.719244,0.255477,14.8719,-48.0674
50460,0.648378,-0.717929,0.253344,14.7455,-47.9141
50520,0.650672,-0.716601,0.251214,14.6194,-47.7606
50580,0.652962,-0.715259,0.249089,14.4936,-47.6069
50640,0.655247,-0.713903,0.246967,14.3681,-47.4531
50700,0.657528,-0.712534,0.24485,14.243,-47.2991
50760,0.659805,-0.711151,0.242737,14.1181,-47.1449
50820,0.662077,-0.709755,0.240627,13.9936,-46.9905
50880,0.664345,-0.708345,0.238522,13.8693,-46.836
50940,0.666608,-0.706922,0.236421,13.7454,-46.6812
51000,0.668866,-0.705485,0.234325,13.6218,-46.5263
51060,0.67112,-0.704035,0.232232,13.4985,-46.3711
51120,0.673369,-0.702572,0.230144,13.3756,-46.2158
51180,0.675614,-0.701095,0.228061,13.2529,-46.0603
51240,0.677854,-0.699605,0.225981,13.1306,-45.9047
51300,0.680089,-0.698101,0.223907,13.0086,-45.7488
51360,0.682319,-0.696584,0.221836,12.8969,-45.5927
51420,0.684544,-0.695054,0.21977,12.7755,-45.4365
51480,0.686765,-0.693511,0.217709,12.6545,-45.28
51540,0.68898,-0.691954,0.215652,12.5338,-45.1234
51600,0.69119,-0.690384,0.2136,12.4134,-44.9666
51660,0.693396,-0.688801,0.211553,12.2934,-44.8095
51720,0.695596,-0.687205,0.20951,12.1737,-44.6523
51780,0.697791,-0.685596,0.207473,12.0543,-44.4949
51840,0.699981,-0.683974,0.205439,11.9352,-44.3373
51900,0.702166,-0.682339,0.203411,11.8165,-44.1795
51960,0.704346,-0.680691,0.201388,11.6981,-44.0215
52020,0.70652,-0.67903,0.199369,11.5801,-43.8634
52080,0.708689,-0.677356,0.197356,11.4624,-43.705
52140,0.710852,-0.675669,0.195347,11.345,-43.5464
52200,0.713011,-0.673969,0.193344,11.238,-43.3876
52260,0.715163,-0.672256,0.191345,11.1213,-43.2286
52320,0.71731,-0.670531,0.189352,11.005,-43.0695
52380,0.719452,-0.668792,0.187364,10.889,-42.9101
52440,0.721588,-0.667041,0.185381,10.7733,-42.7505
52500,0.723719,-0.665278,0.183403,10.658,-42.5908
52560,0.725843,-0.663501,0.18143,10.5431,-42.4308
52620,0.727962,-0.661712,0.179463,10.4285,-42.2706
52680,0.730076,-0.659911,0.177501,10.3143,-42.1102
52740,0.732183,-0.658097,0.175545,10.2004,-41.9497
52800,0.734285,-0.65627,0.173594,10.0868,-41.7889
52860,0.736381,-0.654431,0.171648,9.98364,-41.6279
52920,0.738471,-0.652579,0.169708,9.87082,-41.4667
52980,0.740555,-0.650715,0.167773,9.75836,-41.3053
53040,0.742633,-0.648839,0.165844,9.64625,-41.1437
53100,0.744705,-0.64695,0.16392,9.53451,-40.9819
53160,0.746771,-0.645049,0.162002,9.42313,-40.8199
53220,0.748831,-0.643136,0.16009,9.31211,-40.6577
53280,0.750885,-0.64121,0.158183,9.20146,-40.4953
53340,0.752932,-0.639272,0.156282,9.09118,-40.3327
53400,0.754973,-0.637322,0.154387,8.98126,-40.1699
53460,0.757008,-0.63536,0.152498,8.88171,-40.0069
53520,0.759037,-0.633386,0.150614,8.77254,-39.8436
53580,0.76106,-0.6314,0.148737,8.66374,-39.6802
53640,0.763076,-0.629401,0.146865,8.55531,-39.5165
53700,0.765085,-0.627391,0.144999,8.44725,-39.3527
53760,0.767089,-0.625369,0.14314,8.33957,-39.1886
53820,0.769085,-0.623334,0.141286,8.23227,-39.0244
53880,0.771075,-0.621288,0.139438,8.12535,-38.8599
53940,0.773059,-0.619231,0.137597,8.02881,-38.6952
54000,0.775036,-0.617161,0.135761,7.92265,-38.5303
54060,0.777007,-0.61508,0.133932,7.81687,-38.3652
54120,0.77897,-0.612986,0.132109,7.71148,-38.1999
54180,0.780927,-0.610882,0.130292,7.60647,-38.0344
54240,0.782878,-0.608765,0.128481,7.50185,-37.8686
54300,0.784821,-0.606637,0.126677,7.39762,-37.7027
54360,0.786758,-0.604498,0.124879,7.29378,-37.5365
54420,0.788687,-0.602347,0.123088,7.20033,-37.3702
54480,0.79061,-0.600184,0.121302,7.09728,-37.2036
54540,0.792526,-0.59801,0.119524,6.99461,-37.0368
54600,0.794435,-0.595825,0.117751,6.89235,-36.8698
54660,0.796337,-0.593628,0.115986,6.79048,-36.7026
54720,0.798232,-0.59142,0.114226,6.689,-36.5352
54780,0.80012,-0.589201,0.112474,6.59793,-36.3676
54840,0.802001,-0.58697,0.110728,6.49726,-36.1997
54900,0.803874,-0.584729,0.108988,6.39699,-36.0317
54960,0.805741,-0.582476,0.107255,6.29712,-35.8634
55020,0.8076,-0.580212,0.105529,6.19766,-35.695
55080,0.809452,-0.577937,0.10381,6.09861,-35.5263
55140,0.811296,-0.575651,0.102097,6.00996,-35.3574
55200,0.813134,-0.573354,0.100392,5.91172,-35.1883
55260,0.814964,-0.571046,0.0986926,5.81389,-35.019
55320,0.816786,-0.568728,0.0970006,5.71648,-34.8495
55380,0.818601,-0.566398,0.0953154,5.61948,-34.6797
55440,0.820409,-0.564058,0.0936371,5.53289,-34.5098
55500,0.822209,-0.561707,0.0919659,5.43672,-34.3396
55560,0.824001,-0.559345,0.0903016,5.34096,-34.1693
55620,0.825787,-0.556973,0.0886443,5.24563,-33.9987
55680,0.827564,-0.55459,0.0869941,5.16071,-33.8279
55740,0.829334,-0.552196,0.085351,5.06621,-33.6569
55800,0.831096,-0.549792,0.083715,4.97214,-33.4857
55860,0.83285,-0.547378,0.0820862,4.87849,-33.3143
55920,0.834597,-0.544953,0.0804645,4.79527,-33.1427
55980,0.836336,-0.542517,0.0788501,4.70248,-32.9708
56040,0.838067,-0.540072,0.0772429,4.61011,-32.7988
56100,0.83979,-0.537616,0.075643,4.51817,-32.6265
56160,0.841505,-0.53515,0.0740503,4.43666,-32.454
56220,0.843213,-0.532673,0.072465,4.34559,-32.2814
56280,0.844912,-0.530187,0.0708871,4.25495,-32.1085
56340,0.846604,-0.52769,0.0693166,4.16474,-31.9354
56400,0.848288,-0.525183,0.0677535,4.08497,-31.7621
56460,0.849963,-0.522667,0.0661978,3.99563,-31.5886
56520,0.85163,-0.52014,0.0646497,3.90674,-31.4148
56580,0.85329,-0.517604,0.063109,3.82829,-31.2409
56640,0.854941,-0.515057,0.0615759,3.74027,-31.0668
56700,0.856584,-0.512501,0.0600504,3.65271,-30.8924
56760,0.858219,-0.509935,0.0585325,3.57558,-30.7179
56820,0.859846,-0.50736,0.0570222,3.4889,-30.5431
56880,0.861464,-0.504774,0.0555195,3.40267,-30.3681
56940,0.863074,-0.502179,0.0540246,3.32689,-30.193
57000,0.864676,-0.499575,0.0525373,3.24155,-30.0176
57060,0.86627,-0.496961,0.0510578,3.16667,-29.842
57120,0.867855,-0.494337,0.0495861,3.08224,-29.6662
57180,0.869431,-0.491705,0.0481222,2.99826,-29.4902
57240,0.871,-0.489062,0.0466661,2.92474,-29.314
57300,0.872559,-0.486411,0.0452179,2.84168,-29.1376
57360,0.874111,-0.48375,0.0437775,2.76907,-28.961
57420,0.875653,-0.48108,0.0423451,2.68692,-28.7842
57480,0.877188,-0.478401,0.0409206,2.61523,-28.6072
57540,0.878713,-0.475713,0.0395041,2.53401,-28.43
57600,0.88023,-0.473015,0.0380955,2.46324,-28.2525
57660,0.881739,-0.470309,0.036695,2.38294,-28.0749
57720,0.883238,-0.467594,0.0353025,2.31311,-27.8971
57780,0.884729,-0.464869,0.0339181,2.23374,-27.7191
57840,0.886212,-0.462136,0.0325418,2.16484,-27.5409
57900,0.887685,-0.459394,0.0311736,2.08641,-27.3624
57960,0.88915,-0.456644,0.0298136,2.01845,-27.1838
58020,0.890606,-0.453884,0.0284618,1.94096,-27.005
58080,0.892053,-0.451117,0.0271181,1.87394,-26.826
58140,0.893491,-0.44834,0.0257827,1.8074,-26.6468
58200,0.89492,-0.445555,0.0244555,1.73134,-26.4674
58260,0.896341,-0.442761,0.0231367,1.66575,-26.2878
58320,0.897752,-0.439959,0.0218261,1.59064,-26.108
58380,0.899155,-0.437149,0.0205238,1.52601,-25.928
58440,0.900548,-0.43433,0.0192299,1.46186,-25.7478
58500,0.901933,-0.431503,0.0179444,1.38819,-25.5674
58560,0.903308,-0.428668,0.0166673,1.32501,-25.3869
58620,0.904674,-0.425825,0.0153986,1.26231,-25.2061
58680,0.906032,-0.422973,0.0141384,1.2001,-25.0251
58740,0.90738,-0.420114,0.0128866,1.12837,-24.844
58800,0.908719,-0.417246,0.0116434,1.06713,-24.6627
58860,0.910048,-0.414371,0.0104086,1.00638,-24.4811
58920,0.911369,-0.411488,0.00918242,0.946121,-24.2994
58980,0.91268,-0.408597,0.0079648,0.886354,-24.1175
59040,0.913982,-0.405698,0.00675578,0.82708,-23.9354
59100,0.915275,-0.402791,0.00555537,0.7583,-23.7532
59160,0.916559,-0.399877,0.00436359,0.700016,-23.5707
59220,0.917833,-0.396955,0.00318048,0.642228,-23.3881
59280,0.919097,-0.394025,0.00200606,0.584938,-23.2052
59340,0.920353,-0.391088,0.000840339,0.528148,-23.0222
59400,0.921599,-0.388144,-0.000316652,0.471857,-22.839
59460,0.922835,-0.385192,-0.00146489,0.416068,-22.6557
59520,0.924062,-0.382233,-0.00260436,0.360781,-22.4721
59580,0.92528,-0.379266,-0.00373503,0.305998,-22.2884
59640,0.926488,-0.376292,-0.00485689,0.25172,-22.1045
59700,0.927687,-0.373311,-0.0059699,0.197948,-21.9204
59760,0.928876,-0.370324,-0.00707406,0.144682,-21.7361
59820,0.930055,-0.367329,-0.00816935,0.0919256,-21.5517
59880,0.931225,-0.364327,-0.00925573,0.0396781,-21.3671
59940,0.932386,-0.361318,-0.0103332,-0.0120587,-21.1823
60000,0.933536,-0.358302,-0.0114017,-0.063284,-20.9974
60060,0.934677,-0.355279,-0.0124613,-0.113996,-20.8122
60120,0.935808,-0.35225,-0.0135118,-0.154195,-20.6269
60180,0.93693,-0.349214,-0.0145534,-0.203879,-20.4415
60240,0.938042,-0.346171,-0.015586,-0.253046,-20.2558
60300,0.939144,-0.343121,-0.0166095,-0.301696,-20.07
60360,0.940237,-0.340065,-0.0176239,-0.349828,-19.8841
60420,0.941319,-0.337003,-0.0186293,-0.397441,-19.698
60480,0.942392,-0.333934,-0.0196255,-0.434534,-19.5117
60540,0.943455,-0.330859,-0.0206127,-0.481104,-19.3252
60600,0.944508,-0.327778,-0.0215907,-0.527153,-19.1386
60660,0.945551,-0.32469,-0.0225596,-0.572678,-18.9518
60720,0.946585,-0.321596,-0.0235192,-0.617678,-18.7649
60780,0.947608,-0.318496,-0.0244697,-0.662153,-18.5778
60840,0.948622,-0.31539,-0.025411,-0.696101,-18.3905
60900,0.949625,-0.312278,-0.0263431,-0.739521,-18.2031
60960,0.950619,-0.30916,-0.0272659,-0.782413,-18.0155
61020,0.951603,-0.306036,-0.0281794,-0.824775,-17.8278
61080,0.952576,-0.302906,-0.0290837,-0.866606,-17.64
61140,0.95354,-0.299771,-0.0299786,-0.907906,-17.4519
61200,0.954494,-0.29663,-0.0308643,-0.948673,-17.2638
61260,0.955437,-0.293483,-0.0317406,-0.988906,-17.0754
61320,0.956371,-0.29033,-0.0326075,-1.02861,-16.887
61380,0.957294,-0.287172,-0.0334651,-1.06777,-16.6984
61440,0.958207,-0.284009,-0.0343133,-1.1064,-16.5096
61500,0.959111,-0.28084,-0.0351521,-1.14449,-16.3207
61560,0.960004,-0.277666,-0.0359816,-1.18204,-16.1317
61620,0.960887,-0.274486,-0.0368015,-1.21905,-15.9425
61680,0.961759,-0.271302,-0.037612,-1.25552,-15.7532
61740,0.962622,-0.268112,-0.0384131,-1.29145,-15.5637
61800,0.963474,-0.264917,-0.0392047,-1.33684,-15.3741
61860,0.964316,-0.261717,-0.0399868,-1.37169,-15.1844
61920,0.965148,-0.258512,-0.0407594,-1.40599,-14.9945
61980,0.965969,-0.255302,-0.0415225,-1.44975,-14.8045
62040,0.966781,-0.252087,-0.042276,-1.48296,-14.6144
62100,0.967582,-0.248867,-0.04302,-1.52563,-14.4241
62160,0.968372,-0.245643,-0.0437544,-1.55774,-14.2338
62220,0.969153,-0.242414,-0.0444792,-1.59932,-14.0432
62280,0.969923,-0.23918,-0.0451945,-1.64034,-13.8526
62340,0.970683,-0.235942,-0.0459001,-1.68081,-13.6618
62400,0.971432,-0.232699,-0.0465962,-1.72073,-13.471
62460,0.972171,-0.229452,-0.0472826,-1.7601,-13.28
62520,0.972899,-0.226201,-0.0479593,-1.79892,-13.0888
62580,0.973617,-0.222945,-0.0486264,-1.84719,-12.8976
62640,0.974325,-0.219685,-0.0492838,-1.8849,-12.7062
62700,0.975023,-0.216421,-0.0499316,-1.93206,-12.5148
62760,0.975709,-0.213152,-0.0505696,-1.97866,-12.3232
62820,0.976386,-0.20988,-0.051198,-2.02471,-12.1315
62880,0.977052,-0.206604,-0.0518166,-2.0702,-11.9397
62940,0.977707,-0.203323,-0.0524255,-2.12514,-11.7477
63000,0.978352,-0.200039,-0.0530246,-2.17951,-11.5557
63060,0.978987,-0.196751,-0.053614,-2.23333,-11.3636
63120,0.97961,-0.193459,-0.0541936,-2.28659,-11.1714
63180,0.980224,-0.190164,-0.0547635,-2.34929,-10.979
63240,0.980827,-0.186865,-0.0553235,-2.42142,-10.7866
63300,0.981419,-0.183562,-0.0558738,-2.483,-10.594
63360,0.982001,-0.180256,-0.0564142,-2.55401,-10.4014
63420,0.982572,-0.176946,-0.0569449,-2.62447,-10.2087
63480,0.983132,-0.173633,-0.0574657,-2.69436,-10.0159
63540,0.983682,-0.170317,-0.0579766,-2.75368,-9.82295
63600,0.984222,-0.166998,-0.0584777,-2.82244,-9.62994
63660,0.98475,-0.163675,-0.058969,-2.89064,-9.43685
63720,0.985268,-0.160349,-0.0594504,-2.94827,-9.24366
63780,0.985776,-0.15702,-0.0599219,-3.00533,-9.05039
63840,0.986273,-0.153689,-0.0603835,-3.06183,-8.85704
63900,0.986759,-0.150354,-0.0608353,-3.11776,-8.6636
63960,0.987234,-0.147016,-0.0612771,-3.16312,-8.47009
64020,0.987699,-0.143676,-0.061709,-3.20791,-8.27649
64080,0.988153,-0.140333,-0.062131,-3.25214,-8.08282
64140,0.988596,-0.136987,-0.0625431,-3.2958,-7.88907
64200,0.989029,-0.133638,-0.0629452,-3.33888,-7.69524
64260,0.989451,-0.130287,-0.0633374,-3.3714,-7.50135
64320,0.989862,-0.126934,-0.0637197,-3.41334,-7.30738
64380,0.990263,-0.123578,-0.0640919,-3.44472,-7.11335
64440,0.990653,-0.12022,-0.0644543,-3.47552,-6.91925
64500,0.991032,-0.116859,-0.0648066,-3.50575,-6.72508
64560,0.9914,-0.113497,-0.065149,-3.53541,-6.53085
64620,0.991758,-0.110132,-0.0654814,-3.56449,-6.33656
64680,0.992104,-0.106765,-0.0658037,-3.593,-6.14221
64740,0.99244,-0.103396,-0.0661161,-3.62094,-5.9478
64800,0.992766,-0.100025,-0.0664185,-3.6483,-5.75333
64860,0.99308,-0.0966517,-0.0667109,-3.67509,-5.55881
64920,0.993384,-0.0932769,-0.0669933,-3.69131,-5.36424
64980,0.993677,-0.0899003,-0.0672656,-3.71695,-5.16961
65040,0.993959,-0.0865221,-0.0675279,-3.74201,-4.97494
65100,0.99423,-0.0831422,-0.0677802,-3.7565,-4.78022
65160,0.99449,-0.0797607,-0.0680225,-3.78041,-4.58545
65220,0.99474,-0.0763777,-0.0682547,-3.79375,-4.39065
65280,0.994979,-0.0729932,-0.0684769,-3.81651,-4.19579
65340,0.995207,-0.0696074,-0.068689,-3.82869,-4.0009
65400,0.995424,-0.0662202,-0.0688911,-3.8403,-3.80597
65460,0.99563,-0.0628318,-0.0690831,-3.86132,-3.61101
65520,0.995826,-0.0594421,-0.069265,-3.87177,-3.41601
65580,0.99601,-0.0560514,-0.0694369,-3.88165,-3.22097
65640,0.996184,-0.0526595,-0.0695987,-3.90094,-3.02591
65700,0.996347,-0.0492667,-0.0697505,-3.90966,-2.83082
65760,0.996499,-0.0458729,-0.0698922,-3.91779,-2.6357
65820,0.996641,-0.0424782,-0.0700238,-3.93535,-2.44055
65880,0.996771,-0.0390828,-0.0701453,-3.94233,-2.24538
65940,0.99689,-0.0356866,-0.0702567,-3.94873,-2.05019
66000,0.996999,-0.0322897,-0.0703581,-3.95455,-1.85498
66060,0.997097,-0.0288922,-0.0704494,-3.9598,-1.65975
66120,0.997184,-0.0254941,-0.0705306,-3.96446,-1.46451
66180,0.99726,-0.0220955,-0.0706017,-3.96854,-1.26925
66240,0.997325,-0.0186966,-0.0706627,-3.98205,-1.07398
66300,0.997379,-0.0152972,-0.0707136,-3.98497,-0.878702
66360,0.997423,-0.0118976,-0.0707544,-3.98732,-0.683413
66420,0.997455,-0.00849778,-0.0707852,-3.98909,-0.488117
66480,0.997477,-0.00509777,-0.0708058,-3.99027,-0.292817
66540,0.997488,-0.00169766,-0.0708164,-3.99088,-0.0975136
66600,0.997488,0.00170248,-0.0708169,-3.9909,0.0977906
66660,0.997477,0.00510259,-0.0708072,-3.99035,0.293094
66720,0.997455,0.00850261,-0.0707875,-3.98922,0.488395
66780,0.997423,0.0119025,-0.0707577,-3.98751,0.683691
66840,0.997379,0.0153021,-0.0707178,-3.98521,0.87898
66900,0.997325,0.0187014,-0.0706678,-3.98234,1.07426
66960,0.997259,0.0221004,-0.0706077,-3.96889,1.26953
67020,0.997183,0.025499,-0.0705375,-3.96486,1.46479
67080,0.997096,0.0288971,-0.0704573,-3.96025,1.66004
67140,0.996998,0.0322946,-0.0703669,-3.95506,1.85527
67200,0.99689,0.0356915,-0.0702665,-3.94929,2.05048
67260,0.99677,0.0390878,-0.070156,-3.94294,2.24567
67320,0.99664,0.0424832,-0.0700354,-3.93602,2.44084
67380,0.996498,0.0458779,-0.0699047,-3.91851,2.63599
67440,0.996346,0.0492718,-0.0697639,-3.91043,2.83111
67500,0.996183,0.0526646,-0.0696131,-3.90176,3.02621
67560,0.996009,0.0560565,-0.0694522,-3.89252,3.22127
67620,0.995824,0.0594473,-0.0692812,-3.8727,3.41631
67680,0.995629,0.062837,-0.0691002,-3.86231,3.61131
67740,0.995422,0.0662255,-0.0689091,-3.85133,3.80628
67800,0.995205,0.0696127,-0.068708,-3.82978,4.00121
67860,0.994977,0.0729986,-0.0684968,-3.81765,4.19611
67920,0.994738,0.0763832,-0.0682755,-3.79495,4.39096
67980,0.994489,0.0797662,-0.0680442,-3.78166,4.58578
68040,0.994228,0.0831478,-0.0678029,-3.7578,4.78055
68100,0.993957,0.0865277,-0.0675515,-3.74337,4.97527
68160,0.993675,0.089906,-0.0672901,-3.71836,5.16995
68220,0.993382,0.0932826,-0.0670187,-3.69277,5.36458
68280,0.993078,0.0966575,-0.0667373,-3.67661,5.55916
68340,0.992763,0.10003,-0.0664458,-3.64987,5.75368
68400,0.992438,0.103402,-0.0661443,-3.62256,5.94815
68460,0.992102,0.106771,-0.0658329,-3.59468,6.14257
68520,0.991755,0.110138,-0.0655114,-3.57622,6.33693
68580,0.991397,0.113503,-0.0651799,-3.54718,6.53122
68640,0.991029,0.116866,-0.0648385,-3.51758,6.72546
68700,0.99065,0.120226,-0.064487,-3.4774,6.91963
68760,0.99026,0.123585,-0.0641256,-3.44665,7.11374
68820,0.989859,0.126941,-0.0637543,-3.41533,7.30778
68880,0.989448,0.130294,-0.063373,-3.37344,7.50175
68940,0.989026,0.133645,-0.0629817,-3.34097,7.69565
69000,0.988593,0.136994,-0.0625805,-3.29794,7.88948
69060,0.98815,0.14034,-0.0621693,-3.25434,8.08324
69120,0.987696,0.143683,-0.0617482,-3.21016,8.27692
69180,0.987231,0.147023,-0.0613172,-3.16542,8.47052
69240,0.986755,0.150361,-0.0608763,-3.12011,8.66405
69300,0.986269,0.153696,-0.0604255,-3.06423,8.85749
69360,0.985772,0.157028,-0.0599647,-3.00779,9.05085
69420,0.985265,0.160357,-0.0594941,-2.95078,9.24413
69480,0.984746,0.163683,-0.0590136,-2.8932,9.43732
69540,0.984218,0.167006,-0.0585233,-2.83506,9.63042
69600,0.983678,0.170325,-0.0580231,-2.76635,9.82344
69660,0.983128,0.173642,-0.057513,-2.69707,10.0164
69720,0.982568,0.176955,-0.0569931,-2.62724,10.2092
69780,0.981996,0.180264,-0.0564634,-2.55684,10.4019
69840,0.981415,0.183571,-0.0559238,-2.48587,10.5946
69900,0.980822,0.186873,-0.0553745,-2.42435,10.7871
69960,0.980219,0.190173,-0.0548153,-2.36226,10.9796
70020,0.979606,0.193468,-0.0542464,-2.29962,11.1719
70080,0.978982,0.19676,-0.0536677,-2.23641,11.3642
70140,0.978347,0.200048,-0.0530792,-2.18264,11.5563
70200,0.977702,0.203333,-0.0524809,-2.12832,11.7483
70260,0.977047,0.206613,-0.0518729,-2.07343,11.9403
70320,0.976381,0.20989,-0.0512552,-2.028,12.1321
70380,0.975704,0.213162,-0.0506278,-1.982,12.3238
70440,0.975017,0.216431,-0.0499906,-1.93545,12.5154
70500,0.97432,0.219695,-0.0493438,-1.88834,12.7069
70560,0.973612,0.222955,-0.0486872,-1.85068,12.8982
70620,0.972894,0.226211,-0.048021,-1.80246,13.0895
70680,0.972165,0.229463,-0.0473452,-1.76369,13.2806
70740,0.971426,0.23271,-0.0466597,-1.72437,13.4716
70800,0.970677,0.235953,-0.0459645,-1.6845,13.6625
70860,0.969917,0.239191,-0.0452597,-1.64408,13.8533
70920,0.969147,0.242425,-0.0445454,-1.60311,14.0439
70980,0.968367,0.245654,-0.0438214,-1.56159,14.2345
71040,0.967576,0.248879,-0.0430879,-1.52952,14.4249
71100,0.966775,0.252099,-0.0423448,-1.4869,14.6151
71160,0.965963,0.255314,-0.0415921,-1.45374,14.8053
71220,0.965142,0.258524,-0.0408299,-1.41003,14.9953
71280,0.96431,0.261729,-0.0400582,-1.37578,15.1852
71340,0.963468,0.264929,-0.039277,-1.33098,15.3749
71400,0.962615,0.268124,-0.0384862,-1.29564,15.5645
71460,0.961753,0.271315,-0.0376861,-1.25976,15.754
71520,0.96088,0.274499,-0.0368764,-1.22334,15.9433
71580,0.959997,0.277679,-0.0360573,-1.18638,16.1325
71640,0.959104,0.280854,-0.0352288,-1.14888,16.3216
71700,0.958201,0.284023,-0.0343908,-1.11084,16.5105
71760,0.957287,0.287186,-0.0335435,-1.07226,16.6992
71820,0.956364,0.290345,-0.0326867,-1.03315,16.8879
71880,0.95543,0.293497,-0.0318206,-0.993496,17.0764
71940,0.954487,0.296644,-0.0309452,-0.953311,17.2647
72000,0.953533,0.299786,-0.0300604,-0.912593,17.4529
72060,0.952569,0.302921,-0.0291663,-0.871342,17.6409
72120,0.951596,0.306051,-0.0282629,-0.82956,17.8288
72180,0.950612,0.309175,-0.0273502,-0.787246,18.0165
72240,0.949618,0.312294,-0.0264282,-0.744403,18.2041
72300,0.948614,0.315406,-0.025497,-0.701031,18.3915
72360,0.947601,0.318512,-0.0245566,-0.667132,18.5788
72420,0.946577,0.321613,-0.023607,-0.622706,18.7659
72480,0.945544,0.324707,-0.0226481,-0.577754,18.9529
72540,0.9445,0.327795,-0.0216801,-0.532277,19.1396
72600,0.943447,0.330876,-0.0207029,-0.486277,19.3263
72660,0.942384,0.333952,-0.0197166,-0.439754,19.5127
72720,0.941311,0.337021,-0.0187212,-0.402709,19.6991
72780,0.940229,0.340083,-0.0177167,-0.355144,19.8852
72840,0.939136,0.34314,-0.0167031,-0.30706,20.0712
72900,0.938034,0.346189,-0.0156804,-0.258457,20.257
72960,0.936922,0.349232,-0.0146487,-0.209337,20.4426
73020,0.9358,0.352269,-0.0136079,-0.159701,20.6281
73080,0.934669,0.355298,-0.0125582,-0.10955,20.8134
73140,0.933528,0.358321,-0.0114994,-0.0688843,20.9986
73200,0.932377,0.361337,-0.0104317,-0.0177061,21.1835
73260,0.931217,0.364346,-0.00935511,0.0339838,21.3683
73320,0.930047,0.367349,-0.00826955,0.0861844,21.553
73380,0.928867,0.370344,-0.00717508,0.138894,21.7374
73440,0.927678,0.373332,-0.00607174,0.192113,21.9217
73500,0.926479,0.376313,-0.00495953,0.245839,22.1058
73560,0.925271,0.379287,-0.00383849,0.30007,22.2897
73620,0.924053,0.382254,-0.00270862,0.354807,22.4735
73680,0.922826,0.385214,-0.00156997,0.410047,22.657
73740,0.92159,0.388166,-0.000422531,0.465791,22.8404
73800,0.920344,0.391111,0.000733656,0.522035,23.0236
73860,0.919088,0.394048,0.00189857,0.57878,23.2066
73920,0.917823,0.396978,0.0030722,0.636024,23.3895
73980,0.916549,0.3999,0.00425451,0.693766,23.5721
74040,0.915266,0.402815,0.00544549,0.752005,23.7546
74100,0.913973,0.405721,0.00664511,0.820739,23.9369
74160,0.912671,0.408621,0.00785334,0.879968,24.119
74220,0.911359,0.411512,0.00907018,0.939689,24.3009
74280,0.910039,0.414396,0.0102956,0.999903,24.4827
74340,0.908709,0.417272,0.0115295,1.06061,24.6642
74400,0.90737,0.420139,0.012772,1.1318,24.8455
74460,0.906022,0.422999,0.014023,1.19348,25.0267
74520,0.904664,0.425851,0.0152824,1.25565,25.2077
74580,0.903298,0.428695,0.0165504,1.31831,25.3885
74640,0.901923,0.43153,0.0178267,1.39145,25.5691
74700,0.900538,0.434357,0.0191114,1.45507,25.7495
74760,0.899144,0.437176,0.0204046,1.51918,25.9297
74820,0.897742,0.439987,0.0217061,1.59376,26.1097
74880,0.89633,0.442789,0.0230159,1.65883,26.2895
74940,0.89491,0.445583,0.024334,1.72437,26.4691
75000,0.89348,0.448369,0.0256604,1.80039,26.6485
75060,0.892042,0.451145,0.0269951,1.86689,26.8278
75120,0.890595,0.453914,0.028338,1.93386,27.0068
75180,0.889139,0.456673,0.029689,2.01131,27.1856
75240,0.887674,0.459424,0.0310483,2.07922,27.3643
75300,0.886201,0.462167,0.0324158,2.15761,27.5427
75360,0.884718,0.4649,0.0337913,2.22647,27.7209
75420,0.883227,0.467624,0.035175,2.30579,27.899
75480,0.881727,0.47034,0.0365667,2.37558,28.0768
75540,0.880219,0.473047,0.0379665,2.45584,28.2544
75600,0.878702,0.475744,0.0393743,2.52656,28.4319
75660,0.877176,0.478433,0.0407901,2.60775,28.6091
75720,0.875642,0.481113,0.0422139,2.67939,28.7861
75780,0.874099,0.483783,0.0436456,2.7615,28.963
75840,0.872548,0.486444,0.0450852,2.83407,29.1396
75900,0.870988,0.489096,0.0465327,2.91709,29.316
75960,0.86942,0.491739,0.0479881,2.99057,29.4922
76020,0.867843,0.494372,0.0494513,3.0745,29.6683
76080,0.866258,0.496996,0.0509223,3.15889,29.8441
76140,0.864664,0.49961,0.0524011,3.23373,30.0197
76200,0.863062,0.502215,0.0538876,3.31903,30.1951
76260,0.861452,0.50481,0.0553818,3.39477,30.3703
76320,0.859834,0.507396,0.0568838,3.48096,30.5452
76380,0.858207,0.509972,0.0583934,3.5676,30.72
76440,0.856572,0.512538,0.0599106,3.64468,30.8946
76500,0.854929,0.515095,0.0614354,3.73221,31.069
76560,0.853278,0.517641,0.0629678,3.82018,31.2431
76620,0.851618,0.520178,0.0645078,3.89859,31.4171
76680,0.849951,0.522705,0.0660553,3.98745,31.5908
76740,0.848275,0.525222,0.0676102,4.07674,31.7643
76800,0.846591,0.527729,0.0691727,4.16647,31.9377
76860,0.8449,0.530226,0.0707425,4.24664,32.1108
76920,0.8432,0.532713,0.0723197,4.33724,32.2837
76980,0.841493,0.53519,0.0739044,4.42828,32.4564
77040,0.839777,0.537657,0.0754963,4.50974,32.6289
77100,0.838054,0.540113,0.0770956,4.60164,32.8012
77160,0.836323,0.542559,0.0787021,4.69397,32.9732
77220,0.834584,0.544995,0.0803159,4.78673,33.1451
77280,0.832837,0.54742,0.0819369,4.86991,33.3167
77340,0.831083,0.549835,0.083565,4.96352,33.4882
77400,0.829321,0.552239,0.0852004,5.05755,33.6594
77460,0.827551,0.554633,0.0868428,5.15201,33.8304
77520,0.825773,0.557017,0.0884924,5.23688,34.0012
77580,0.823988,0.55939,0.090149,5.33218,34.1718
77640,0.822196,0.561752,0.0918126,5.4279,34.3422
77700,0.820395,0.564103,0.0934833,5.52403,34.5124
77760,0.818588,0.566444,0.0951609,5.61058,34.6823
77820,0.816773,0.568774,0.0968454,5.70755,34.8521
77880,0.81495,0.571093,0.0985368,5.80492,35.0216
77940,0.81312,0.573401,0.100235,5.90271,35.191
78000,0.811283,0.575698,0.10194,6.00091,35.3601
78060,0.809438,0.577985,0.103652,6.09952,35.529
78120,0.807586,0.58026,0.105371,6.18854,35.6977
78180,0.805727,0.582525,0.107096,6.28796,35.8662
78240,0.80386,0.584778,0.108829,6.38779,36.0345
78300,0.801987,0.58702,0.110567,6.48803,36.2025
78360,0.800106,0.589251,0.112313,6.58866,36.3704
78420,0.798218,0.59147,0.114065,6.6797,36.538
78480,0.796323,0.593679,0.115824,6.78113,36.7055
78540,0.794421,0.595876,0.117589,6.88297,36.8727
78600,0.792512,0.598062,0.11936,6.9852,37.0397
78660,0.790596,0.600236,0.121139,7.08782,37.2065
78720,0.788673,0.602399,0.122923,7.19085,37.3731
78780,0.786743,0.604551,0.124714,7.28426,37.5395
78840,0.784807,0.606691,0.126512,7.38806,37.7056
78900,0.782863,0.608819,0.128315,7.49226,37.8716
78960,0.780913,0.610936,0.130125,7.59684,38.0373
79020,0.778956,0.613041,0.131942,7.70181,38.2029
79080,0.776992,0.615135,0.133764,7.80717,38.3682
79140,0.775022,0.617217,0.135593,7.91291,38.5333
79200,0.773044,0.619287,0.137428,8.01903,38.6983
79260,0.771061,0.621345,0.139269,8.11554,38.863
79320,0.769071,0.623392,0.141116,8.22243,39.0275
79380,0.767074,0.625426,0.142969,8.32969,39.1917
79440,0.765071,0.627449,0.144828,8.43734,39.3558
79500,0.763061,0.62946,0.146693,8.54536,39.5197
79560,0.761045,0.631458,0.148565,8.65375,39.6834
79620,0.759022,0.633445,0.150442,8.76252,39.8468
79680,0.756993,0.63542,0.152325,8.87167,40.0101
79740,0.754958,0.637382,0.154213,8.97118,40.1731
79800,0.752917,0.639333,0.156108,9.08106,40.336
79860,0.750869,0.641271,0.158008,9.19131,40.4986
79920,0.748816,0.643197,0.159914,9.30193,40.661
79980,0.746756,0.645111,0.161826,9.41291,40.8233
80040,0.74469,0.647013,0.163744,9.52426,40.9853
80100,0.742618,0.648902,0.165667,9.63597,41.1471
80160,0.74054,0.650779,0.167595,9.74804,41.3087
80220,0.738455,0.652643,0.16953,9.86047,41.4701
80280,0.736365,0.654496,0.171469,9.97326,41.6313
80340,0.73427,0.656335,0.173415,10.0764,41.7923
80400,0.732168,0.658162,0.175365,10.1899,41.9531
80460,0.73006,0.659977,0.177321,10.3038,42.1137
80520,0.727947,0.661779,0.179283,10.418,42.2741
80580,0.725828,0.663568,0.181249,10.5325,42.4343
80640,0.723703,0.665345,0.183222,10.6475,42.5943
80700,0.721572,0.667109,0.185199,10.7627,42.7541
80760,0.719436,0.668861,0.187181,10.8783,42.9136
80820,0.717295,0.6706,0.189169,10.9943,43.073
80880,0.715147,0.672325,0.191162,11.1106,43.2322
80940,0.712995,0.674039,0.19316,11.2273,43.3912
81000,0.710836,0.675739,0.195163,11.3342,43.55
81060,0.708673,0.677426,0.197171,11.4516,43.7086
81120,0.706504,0.679101,0.199184,11.5693,43.867
81180,0.70433,0.680763,0.201202,11.6873,44.0252
81240,0.70215,0.682411,0.203225,11.8056,44.1832
81300,0.699965,0.684047,0.205253,11.9243,44.341
81360,0.697775,0.68567,0.207286,12.0433,44.4987
81420,0.69558,0.687279,0.209323,12.1627,44.6561
81480,0.69338,0.688876,0.211365,12.2824,44.8133
81540,0.691174,0.690459,0.213412,12.4024,44.9703
81600,0.688964,0.692029,0.215464,12.5227,45.1272
81660,0.686748,0.693586,0.21752,12.6434,45.2838
81720,0.684528,0.69513,0.219581,12.7644,45.4403
81780,0.682302,0.696661,0.221646,12.8857,45.5966
81840,0.680072,0.698178,0.223716,12.9974,45.7527
81900,0.677837,0.699682,0.225791,13.1194,45.9085
81960,0.675597,0.701173,0.227869,13.2417,46.0642
82020,0.673353,0.702651,0.229953,13.3643,46.2198
82080,0.671103,0.704115,0.23204,13.4872,46.3751
82140,0.66885,0.705565,0.234132,13.6105,46.5302
82200,0.666591,0.707003,0.236229,13.7341,46.6852
82260,0.664328,0.708426,0.238329,13.8579,46.8399
82320,0.66206,0.709837,0.240434,13.9821,46.9945
82380,0.659788,0.711233,0.242543,14.1067,47.1489
82440,0.657511,0.712617,0.244656,14.2315,47.3031
82500,0.65523,0.713986,0.246773,14.3566,47.4572
82560,0.652945,0.715342,0.248894,14.4821,47.611
82620,0.650655,0.716685,0.251019,14.6078,47.7647
82680,0.648362,0.718014,0.253148,14.7339,47.9182
82740,0.646063,0.719329,0.255281,14.8602,48.0715
82800,0.643761,0.72063,0.257418,14.9869,48.2246
82860,0.641455,0.721918,0.259559,15.1139,48.3776
82920,0.639144,0.723192,0.261703,15.2312,48.5303
82980,0.636829,0.724452,0.263852,15.3587,48.6829
83040,0.634511,0.725699,0.266004,15.4866,48.8353
83100,0.632188,0.726931,0.268159,15.6148,48.9876
83160,0.629862,0.72815,0.270319,15.7432,49.1397
83220,0.627531,0.729355,0.272482,15.872,49.2916
83280,0.625197,0.730546,0.274648,16.0011,49.4433
83340,0.622859,0.731723,0.276818,16.1304,49.5948
83400,0.620517,0.732886,0.278992,16.26,49.7462
83460,0.618172,0.734035,0.281169,16.39,49.8974
83520,0.615823,0.735171,0.283349,16.5202,50.0485
83580,0.61347,0.736292,0.285533,16.6507,50.1993
83640,0.611114,0.737399,0.28772,16.7815,50.35
83700,0.608754,0.738492,0.28991,16.9126,50.5006
83760,0.606391,0.739572,0.292104,17.0439,50.6509
83820,0.604024,0.740637,0.2943,17.1756,50.8011
83880,0.601654,0.741688,0.2965,17.3075,50.9512
83940,0.59928,0.742724,0.298703,17.4397,51.1011
84000,0.596904,0.743747,0.300909,17.5722,51.2508
84060,0.594524,0.744756,0.303118,17.705,51.4003
84120,0.592141,0.74575,0.30533,17.838,51.5497
84180,0.589754,0.74673,0.307545,17.9713,51.6989
84240,0.587365,0.747696,0.309763,18.1049,51.848
84300,0.584972,0.748648,0.311983,18.2288,51.9969
84360,0.582577,0.749585,0.314207,18.3629,52.1457
84420,0.580178,0.750509,0.316433,18.4973,52.2943
84480,0.577777,0.751418,0.318662,18.632,52.4427
84540,0.575373,0.752312,0.320893,18.767,52.591
84600,0.572966,0.753192,0.323128,18.9022,52.7392
84660,0.570556,0.754058,0.325365,19.0377,52.8872
84720,0.568143,0.75491,0.327604,19.1734,53.035
84780,0.565728,0.755747,0.329846,19.3094,53.1827
84840,0.56331,0.75657,0.33209,19.4457,53.3302
84900,0.560889,0.757379,0.334337,19.5822,53.4776
84960,0.558466,0.758173,0.336586,19.719,53.6248
85020,0.55604,0.758952,0.338838,19.8561,53.7719
85080,0.553612,0.759717,0.341091,19.9934,53.9189
85140,0.551181,0.760468,0.343347,20.131,54.0657
85200,0.548749,0.761204,0.345606,20.2688,54.2123
85260,0.546313,0.761926,0.347866,20.4069,54.3589
85320,0.543876,0.762633,0.350129,20.5452,54.5052
85380,0.541436,0.763326,0.352393,20.6838,54.6515
85440,0.538994,0.764004,0.35466,20.8226,54.7976
85500,0.53655,0.764668,0.356928,20.9617,54.9435
85560,0.534103,0.765317,0.359199,21.101,55.0894
85620,0.531655,0.765951,0.361472,21.2406,55.2351
85680,0.529205,0.766571,0.363746,21.3804,55.3806
85740,0.526753,0.767176,0.366022,21.5205,55.526
85800,0.524298,0.767767,0.3683,21.6608,55.6713
85860,0.521842,0.768343,0.37058,21.8014,55.8165
85920,0.519385,0.768905,0.372861,21.9422,55.9615
85980,0.516925,0.769451,0.375144,22.0832,56.1064
86040,0.514464,0.769984,0.377429,22.2245,56.2512
86100,0.512001,0.770501,0.379715,22.356,56.3958
86160,0.509536,0.771004,0.382003,22.4978,56.5404
86220,0.50707,0.771492,0.384292,22.6398,56.6847
86280,0.504602,0.771966,0.386582,22.782,56.829
86340,0.502133,0.772424,0.388874,22.9245,56.9732
86400,0.499662,0.772869,0.391168,23.0672,57.1172
